numberOfPersons;time_ms
1;85.0
2;78.0
3;78.0
4;79.0
5;78.0
6;80.0
7;78.0
8;80.0
9;79.0
10;79.0
11;79.0
12;81.0
13;80.0
14;82.0
15;79.0
16;82.0
17;81.0
18;81.0
19;82.0
20;81.0
21;82.0
22;82.0
23;82.0
24;83.0
25;80.0
26;81.0
27;82.0
28;81.0
29;81.0
30;83.0
31;82.0
32;82.0
33;82.0
34;82.0
35;83.0
36;82.0
37;86.0
38;83.0
39;86.0
40;85.0
41;83.0
42;84.0
43;82.0
44;87.0
45;87.0
46;86.0
47;83.0
48;89.0
49;87.0
50;82.0
51;84.0
52;92.0
53;85.0
54;87.0
55;87.0
56;86.0
57;86.0
58;89.0
59;88.0
60;88.0
61;86.0
62;86.0
63;89.0
64;87.0
65;89.0
66;88.0
67;88.0
68;86.0
69;88.0
70;86.0
71;87.0
72;88.0
73;88.0
74;88.0
75;88.0
76;89.0
77;89.0
78;91.0
79;91.0
80;87.0
81;87.0
82;89.0
83;89.0
84;89.0
85;88.0
86;89.0
87;88.0
88;89.0
89;91.0
90;91.0
91;88.0
92;90.0
93;91.0
94;88.0
95;89.0
96;91.0
97;90.0
98;90.0
99;90.0
100;96.0
101;97.0
102;97.0
103;97.0
104;99.0
105;96.0
106;90.0
107;92.0
108;91.0
109;92.0
110;89.0
111;93.0
112;91.0
113;90.0
114;90.0
115;92.0
116;92.0
117;90.0
118;94.0
119;90.0
120;91.0
121;91.0
122;93.0
123;91.0
124;92.0
125;92.0
126;91.0
127;92.0
128;92.0
129;94.0
130;92.0
131;93.0
132;93.0
133;95.0
134;95.0
135;93.0
136;96.0
137;94.0
138;93.0
139;96.0
140;95.0
141;95.0
142;94.0
143;96.0
144;98.0
145;95.0
146;93.0
147;93.0
148;93.0
149;96.0
150;95.0
151;93.0
152;96.0
153;94.0
154;95.0
155;94.0
156;95.0
157;96.0
158;93.0
159;95.0
160;96.0
161;96.0
162;97.0
163;95.0
164;96.0
165;97.0
166;100.0
167;100.0
168;101.0
169;99.0
170;97.0
171;96.0
172;99.0
173;102.0
174;100.0
175;94.0
176;98.0
177;95.0
178;97.0
179;98.0
180;97.0
181;96.0
182;106.0
183;103.0
184;96.0
185;99.0
186;99.0
187;96.0
188;96.0
189;96.0
190;97.0
191;102.0
192;96.0
193;99.0
194;96.0
195;101.0
196;100.0
197;99.0
198;98.0
199;100.0
200;97.0
201;100.0
202;98.0
203;101.0
204;97.0
205;99.0
206;100.0
207;100.0
208;95.0
209;99.0
210;98.0
211;99.0
212;99.0
213;100.0
214;99.0
215;102.0
216;101.0
217;101.0
218;98.0
219;98.0
220;100.0
221;100.0
222;104.0
223;103.0
224;100.0
225;102.0
226;99.0
227;99.0
228;100.0
229;98.0
230;99.0
231;103.0
232;103.0
233;102.0
234;102.0
235;102.0
236;104.0
237;101.0
238;100.0
239;100.0
240;101.0
241;106.0
242;104.0
243;102.0
244;101.0
245;104.0
246;106.0
247;117.0
248;107.0
249;103.0
250;99.0
251;104.0
252;100.0
253;101.0
254;99.0
255;103.0
256;105.0
257;104.0
258;105.0
259;100.0
260;103.0
261;106.0
262;100.0
263;101.0
264;105.0
265;104.0
266;104.0
267;103.0
268;104.0
269;107.0
270;107.0
271;108.0
272;102.0
273;147.0
274;103.0
275;101.0
276;100.0
277;102.0
278;104.0
279;104.0
280;102.0
281;100.0
282;105.0
283;104.0
284;105.0
285;105.0
286;105.0
287;104.0
288;101.0
289;103.0
290;105.0
291;110.0
292;102.0
293;102.0
294;108.0
295;101.0
296;106.0
297;106.0
298;101.0
299;107.0
300;104.0
301;109.0
302;103.0
303;102.0
304;105.0
305;103.0
306;102.0
307;100.0
308;101.0
309;104.0
310;106.0
311;104.0
312;104.0
313;104.0
314;107.0
315;102.0
316;104.0
317;103.0
318;107.0
319;104.0
320;101.0
321;103.0
322;101.0
323;101.0
324;101.0
325;105.0
326;101.0
327;104.0
328;105.0
329;103.0
330;101.0
331;109.0
332;124.0
333;123.0
334;119.0
335;104.0
336;106.0
337;107.0
338;110.0
339;107.0
340;110.0
341;108.0
342;106.0
343;108.0
344;107.0
345;105.0
346;102.0
347;107.0
348;103.0
349;107.0
350;104.0
351;107.0
352;103.0
353;105.0
354;103.0
355;104.0
356;106.0
357;103.0
358;105.0
359;104.0
360;101.0
361;104.0
362;106.0
363;104.0
364;106.0
365;101.0
366;108.0
367;105.0
368;103.0
369;103.0
370;108.0
371;103.0
372;107.0
373;103.0
374;103.0
375;102.0
376;105.0
377;106.0
378;101.0
379;107.0
380;102.0
381;105.0
382;102.0
383;110.0
384;105.0
385;106.0
386;102.0
387;104.0
388;101.0
389;107.0
390;101.0
391;104.0
392;103.0
393;104.0
394;110.0
395;105.0
396;108.0
397;106.0
398;107.0
399;104.0
400;106.0
401;103.0
402;107.0
403;104.0
404;105.0
405;112.0
406;111.0
407;108.0
408;110.0
409;109.0
410;106.0
411;109.0
412;113.0
413;104.0
414;104.0
415;107.0
416;106.0
417;105.0
418;107.0
419;106.0
420;105.0
421;108.0
422;106.0
423;104.0
424;103.0
425;107.0
426;104.0
427;108.0
428;104.0
429;107.0
430;108.0
431;106.0
432;111.0
433;107.0
434;102.0
435;109.0
436;108.0
437;106.0
438;104.0
439;105.0
440;107.0
441;112.0
442;104.0
443;104.0
444;105.0
445;107.0
446;105.0
447;107.0
448;105.0
449;107.0
450;107.0
451;106.0
452;105.0
453;106.0
454;104.0
455;105.0
456;111.0
457;109.0
458;108.0
459;105.0
460;109.0
461;104.0
462;107.0
463;108.0
464;104.0
465;109.0
466;106.0
467;110.0
468;107.0
469;107.0
470;106.0
471;109.0
472;107.0
473;112.0
474;107.0
475;107.0
476;104.0
477;104.0
478;104.0
479;106.0
480;104.0
481;110.0
482;108.0
483;107.0
484;105.0
485;111.0
486;111.0
487;107.0
488;110.0
489;105.0
490;110.0
491;106.0
492;105.0
493;109.0
494;103.0
495;107.0
496;109.0
497;122.0
498;105.0
499;106.0
500;110.0
501;105.0
502;105.0
503;107.0
504;108.0
505;106.0
506;107.0
507;110.0
508;108.0
509;109.0
510;107.0
511;107.0
512;108.0
513;107.0
514;109.0
515;108.0
516;106.0
517;110.0
518;111.0
519;108.0
520;109.0
521;108.0
522;111.0
523;109.0
524;109.0
525;110.0
526;108.0
527;110.0
528;111.0
529;112.0
530;113.0
531;112.0
532;105.0
533;107.0
534;108.0
535;110.0
536;106.0
537;112.0
538;113.0
539;109.0
540;112.0
541;107.0
542;107.0
543;110.0
544;108.0
545;110.0
546;109.0
547;104.0
548;114.0
549;109.0
550;107.0
551;108.0
552;111.0
553;113.0
554;108.0
555;109.0
556;107.0
557;109.0
558;111.0
559;107.0
560;111.0
561;110.0
562;106.0
563;115.0
564;110.0
565;108.0
566;113.0
567;107.0
568;108.0
569;116.0
570;116.0
571;114.0
572;117.0
573;112.0
574;113.0
575;105.0
576;126.0
577;112.0
578;109.0
579;109.0
580;111.0
581;109.0
582;115.0
583;108.0
584;112.0
585;112.0
586;106.0
587;110.0
588;110.0
589;109.0
590;110.0
591;113.0
592;105.0
593;114.0
594;109.0
595;108.0
596;110.0
597;115.0
598;108.0
599;112.0
600;115.0
601;112.0
602;112.0
603;109.0
604;109.0
605;109.0
606;112.0
607;110.0
608;107.0
609;112.0
610;113.0
611;110.0
612;113.0
613;109.0
614;110.0
615;113.0
616;107.0
617;110.0
618;109.0
619;114.0
620;114.0
621;110.0
622;112.0
623;110.0
624;109.0
625;114.0
626;113.0
627;111.0
628;115.0
629;112.0
630;113.0
631;112.0
632;115.0
633;111.0
634;114.0
635;111.0
636;113.0
637;120.0
638;109.0
639;115.0
640;112.0
641;121.0
642;110.0
643;114.0
644;115.0
645;111.0
646;113.0
647;115.0
648;115.0
649;109.0
650;110.0
651;117.0
652;118.0
653;108.0
654;113.0
655;111.0
656;114.0
657;116.0
658;110.0
659;112.0
660;113.0
661;113.0
662;112.0
663;116.0
664;113.0
665;116.0
666;117.0
667;114.0
668;112.0
669;114.0
670;114.0
671;116.0
672;115.0
673;116.0
674;110.0
675;112.0
676;113.0
677;118.0
678;113.0
679;116.0
680;111.0
681;116.0
682;111.0
683;112.0
684;115.0
685;112.0
686;111.0
687;116.0
688;117.0
689;111.0
690;112.0
691;116.0
692;118.0
693;112.0
694;110.0
695;113.0
696;111.0
697;116.0
698;113.0
699;119.0
700;113.0
701;115.0
702;113.0
703;116.0
704;112.0
705;115.0
706;112.0
707;116.0
708;111.0
709;116.0
710;137.0
711;110.0
712;115.0
713;112.0
714;114.0
715;112.0
716;113.0
717;140.0
718;115.0
719;117.0
720;115.0
721;113.0
722;116.0
723;114.0
724;117.0
725;115.0
726;114.0
727;114.0
728;113.0
729;112.0
730;118.0
731;115.0
732;116.0
733;116.0
734;118.0
735;117.0
736;115.0
737;119.0
738;117.0
739;114.0
740;118.0
741;113.0
742;118.0
743;116.0
744;118.0
745;118.0
746;117.0
747;118.0
748;121.0
749;123.0
750;121.0
751;119.0
752;116.0
753;120.0
754;115.0
755;119.0
756;118.0
757;119.0
758;116.0
759;118.0
760;117.0
761;115.0
762;117.0
763;116.0
764;120.0
765;119.0
766;117.0
767;115.0
768;116.0
769;119.0
770;115.0
771;116.0
772;117.0
773;117.0
774;122.0
775;119.0
776;118.0
777;119.0
778;116.0
779;119.0
780;120.0
781;121.0
782;118.0
783;120.0
784;117.0
785;119.0
786;118.0
787;120.0
788;119.0
789;115.0
790;119.0
791;120.0
792;124.0
793;127.0
794;123.0
795;123.0
796;124.0
797;122.0
798;120.0
799;117.0
800;119.0
801;118.0
802;118.0
803;116.0
804;122.0
805;120.0
806;121.0
807;115.0
808;120.0
809;118.0
810;118.0
811;120.0
812;119.0
813;122.0
814;119.0
815;118.0
816;118.0
817;119.0
818;121.0
819;116.0
820;118.0
821;121.0
822;117.0
823;122.0
824;119.0
825;116.0
826;119.0
827;118.0
828;119.0
829;122.0
830;117.0
831;120.0
832;122.0
833;120.0
834;119.0
835;116.0
836;119.0
837;123.0
838;121.0
839;119.0
840;124.0
841;122.0
842;120.0
843;119.0
844;118.0
845;120.0
846;125.0
847;124.0
848;120.0
849;122.0
850;118.0
851;146.0
852;140.0
853;124.0
854;129.0
855;129.0
856;119.0
857;125.0
858;124.0
859;127.0
860;132.0
861;124.0
862;132.0
863;128.0
864;132.0
865;138.0
866;138.0
867;134.0
868;133.0
869;137.0
870;138.0
871;136.0
872;138.0
873;145.0
874;130.0
875;134.0
876;127.0
877;122.0
878;124.0
879;125.0
880;123.0
881;124.0
882;127.0
883;132.0
884;130.0
885;134.0
886;131.0
887;136.0
888;130.0
889;131.0
890;131.0
891;132.0
892;137.0
893;132.0
894;132.0
895;139.0
896;140.0
897;132.0
898;136.0
899;137.0
900;132.0
901;133.0
902;139.0
903;136.0
904;137.0
905;136.0
906;143.0
907;150.0
908;142.0
909;144.0
910;144.0
911;143.0
912;135.0
913;134.0
914;135.0
915;136.0
916;135.0
917;144.0
918;152.0
919;147.0
920;138.0
921;136.0
922;194.0
923;149.0
924;145.0
925;154.0
926;141.0
927;144.0
928;147.0
929;141.0
930;148.0
931;147.0
932;145.0
933;149.0
934;152.0
935;143.0
936;142.0
937;151.0
938;157.0
939;164.0
940;141.0
941;134.0
942;142.0
943;148.0
944;138.0
945;134.0
946;137.0
947;135.0
948;141.0
949;153.0
950;170.0
951;154.0
952;152.0
953;149.0
954;143.0
955;138.0
956;146.0
957;136.0
958;154.0
959;131.0
960;136.0
961;133.0
962;136.0
963;137.0
964;137.0
965;138.0
966;139.0
967;134.0
968;140.0
969;140.0
970;133.0
971;959.0
972;145.0
973;143.0
974;138.0
975;158.0
976;145.0
977;132.0
978;131.0
979;130.0
980;136.0
981;130.0
982;144.0
983;144.0
984;138.0
985;132.0
986;153.0
987;146.0
988;140.0
989;141.0
990;141.0
991;138.0
992;140.0
993;142.0
994;133.0
995;132.0
996;137.0
997;136.0
998;136.0
999;136.0
1000;137.0
1001;133.0
1002;133.0
1003;135.0
1004;135.0
1005;138.0
1006;150.0
1007;139.0
1008;141.0
1009;147.0
1010;148.0
1011;151.0
1012;135.0
1013;133.0
1014;129.0
1015;130.0
1016;130.0
1017;129.0
1018;130.0
1019;159.0
1020;146.0
1021;140.0
1022;135.0
1023;133.0
1024;130.0
1025;127.0
1026;126.0
1027;129.0
1028;131.0
1029;134.0
1030;126.0
1031;130.0
1032;127.0
1033;131.0
1034;130.0
1035;128.0
1036;128.0
1037;133.0
1038;135.0
1039;126.0
1040;130.0
1041;131.0
1042;132.0
1043;131.0
1044;132.0
1045;133.0
1046;129.0
1047;129.0
1048;132.0
1049;128.0
1050;131.0
1051;131.0
1052;128.0
1053;127.0
1054;130.0
1055;129.0
1056;127.0
1057;123.0
1058;126.0
1059;118.0
1060;126.0
1061;123.0
1062;127.0
1063;123.0
1064;127.0
1065;126.0
1066;122.0
1067;124.0
1068;122.0
1069;127.0
1070;120.0
1071;122.0
1072;125.0
1073;125.0
1074;126.0
1075;127.0
1076;128.0
1077;125.0
1078;128.0
1079;127.0
1080;125.0
1081;123.0
1082;125.0
1083;128.0
1084;122.0
1085;122.0
1086;124.0
1087;126.0
1088;124.0
1089;121.0
1090;122.0
1091;127.0
1092;123.0
1093;125.0
1094;129.0
1095;123.0
1096;126.0
1097;124.0
1098;128.0
1099;123.0
1100;125.0
1101;127.0
1102;130.0
1103;125.0
1104;128.0
1105;128.0
1106;129.0
1107;127.0
1108;126.0
1109;130.0
1110;125.0
1111;141.0
1112;143.0
1113;126.0
1114;128.0
1115;130.0
1116;129.0
1117;130.0
1118;129.0
1119;128.0
1120;130.0
1121;132.0
1122;133.0
1123;127.0
1124;130.0
1125;130.0
1126;129.0
1127;128.0
1128;133.0
1129;131.0
1130;130.0
1131;130.0
1132;132.0
1133;132.0
1134;129.0
1135;131.0
1136;131.0
1137;135.0
1138;134.0
1139;135.0
1140;145.0
1141;172.0
1142;179.0
1143;157.0
1144;170.0
1145;166.0
1146;133.0
1147;133.0
1148;135.0
1149;135.0
1150;130.0
1151;133.0
1152;131.0
1153;134.0
1154;136.0
1155;131.0
1156;135.0
1157;133.0
1158;131.0
1159;134.0
1160;130.0
1161;130.0
1162;132.0
1163;135.0
1164;131.0
1165;134.0
1166;134.0
1167;132.0
1168;131.0
1169;136.0
1170;133.0
1171;133.0
1172;133.0
1173;136.0
1174;133.0
1175;133.0
1176;134.0
1177;135.0
1178;135.0
1179;131.0
1180;133.0
1181;136.0
1182;134.0
1183;133.0
1184;130.0
1185;132.0
1186;135.0
1187;136.0
1188;135.0
1189;137.0
1190;131.0
1191;136.0
1192;133.0
1193;132.0
1194;132.0
1195;138.0
1196;138.0
1197;141.0
1198;144.0
1199;142.0
1200;145.0
1201;133.0
1202;133.0
1203;138.0
1204;133.0
1205;136.0
1206;134.0
1207;136.0
1208;136.0
1209;137.0
1210;136.0
1211;136.0
1212;132.0
1213;136.0
1214;137.0
1215;136.0
1216;133.0
1217;128.0
1218;133.0
1219;131.0
1220;132.0
1221;130.0
1222;130.0
1223;133.0
1224;131.0
1225;132.0
1226;134.0
1227;131.0
1228;130.0
1229;129.0
1230;132.0
1231;134.0
1232;130.0
1233;135.0
1234;134.0
1235;133.0
1236;134.0
1237;134.0
1238;129.0
1239;134.0
1240;133.0
1241;131.0
1242;134.0
1243;132.0
1244;134.0
1245;132.0
1246;131.0
1247;132.0
1248;152.0
1249;135.0
1250;139.0
1251;135.0
1252;135.0
1253;138.0
1254;136.0
1255;137.0
1256;137.0
1257;136.0
1258;135.0
1259;137.0
1260;132.0
1261;138.0
1262;138.0
1263;138.0
1264;129.0
1265;127.0
1266;136.0
1267;137.0
1268;136.0
1269;134.0
1270;136.0
1271;136.0
1272;138.0
1273;139.0
1274;138.0
1275;134.0
1276;136.0
1277;137.0
1278;138.0
1279;135.0
1280;134.0
1281;140.0
1282;138.0
1283;138.0
1284;135.0
1285;136.0
1286;139.0
1287;134.0
1288;137.0
1289;137.0
1290;137.0
1291;136.0
1292;136.0
1293;135.0
1294;140.0
1295;139.0
1296;136.0
1297;137.0
1298;138.0
1299;128.0
1300;138.0
1301;139.0
1302;140.0
1303;134.0
1304;139.0
1305;139.0
1306;136.0
1307;138.0
1308;134.0
1309;139.0
1310;133.0
1311;136.0
1312;140.0
1313;169.0
1314;135.0
1315;133.0
1316;134.0
1317;137.0
1318;133.0
1319;135.0
1320;132.0
1321;135.0
1322;131.0
1323;136.0
1324;135.0
1325;134.0
1326;135.0
1327;134.0
1328;130.0
1329;134.0
1330;135.0
1331;131.0
1332;135.0
1333;134.0
1334;133.0
1335;134.0
1336;134.0
1337;132.0
1338;133.0
1339;133.0
1340;134.0
1341;131.0
1342;133.0
1343;134.0
1344;136.0
1345;131.0
1346;133.0
1347;137.0
1348;139.0
1349;139.0
1350;137.0
1351;137.0
1352;142.0
1353;139.0
1354;138.0
1355;131.0
1356;135.0
1357;139.0
1358;143.0
1359;139.0
1360;136.0
1361;138.0
1362;139.0
1363;138.0
1364;139.0
1365;134.0
1366;137.0
1367;136.0
1368;143.0
1369;133.0
1370;140.0
1371;137.0
1372;141.0
1373;140.0
1374;137.0
1375;138.0
1376;135.0
1377;138.0
1378;135.0
1379;1156.0
1380;138.0
1381;139.0
1382;142.0
1383;145.0
1384;163.0
1385;140.0
1386;139.0
1387;137.0
1388;138.0
1389;141.0
1390;136.0
1391;139.0
1392;135.0
1393;163.0
1394;139.0
1395;138.0
1396;142.0
1397;140.0
1398;142.0
1399;145.0
1400;142.0
1401;148.0
1402;145.0
1403;143.0
1404;146.0
1405;138.0
1406;140.0
1407;140.0
1408;142.0
1409;146.0
1410;141.0
1411;143.0
1412;142.0
1413;131.0
1414;141.0
1415;141.0
1416;144.0
1417;142.0
1418;136.0
1419;142.0
1420;141.0
1421;142.0
1422;143.0
1423;140.0
1424;143.0
1425;141.0
1426;143.0
1427;142.0
1428;143.0
1429;146.0
1430;145.0
1431;143.0
1432;144.0
1433;142.0
1434;141.0
1435;144.0
1436;142.0
1437;141.0
1438;143.0
1439;140.0
1440;145.0
1441;142.0
1442;143.0
1443;139.0
1444;145.0
1445;145.0
1446;145.0
1447;143.0
1448;146.0
1449;140.0
1450;141.0
1451;143.0
1452;139.0
1453;143.0
1454;147.0
1455;149.0
1456;145.0
1457;143.0
1458;137.0
1459;148.0
1460;148.0
1461;145.0
1462;143.0
1463;144.0
1464;144.0
1465;147.0
1466;145.0
1467;144.0
1468;145.0
1469;146.0
1470;144.0
1471;143.0
1472;144.0
1473;143.0
1474;143.0
1475;144.0
1476;145.0
1477;143.0
1478;142.0
1479;140.0
1480;141.0
1481;144.0
1482;140.0
1483;144.0
1484;140.0
1485;146.0
1486;144.0
1487;140.0
1488;145.0
1489;140.0
1490;145.0
1491;142.0
1492;146.0
1493;150.0
1494;150.0
1495;148.0
1496;151.0
1497;148.0
1498;151.0
1499;147.0
1500;147.0
1501;156.0
1502;145.0
1503;135.0
1504;148.0
1505;146.0
1506;143.0
1507;146.0
1508;147.0
1509;202.0
1510;146.0
1511;143.0
1512;142.0
1513;142.0
1514;144.0
1515;137.0
1516;144.0
1517;142.0
1518;139.0
1519;145.0
1520;139.0
1521;139.0
1522;146.0
1523;144.0
1524;139.0
1525;139.0
1526;140.0
1527;144.0
1528;143.0
1529;132.0
1530;142.0
1531;138.0
1532;145.0
1533;146.0
1534;143.0
1535;129.0
1536;145.0
1537;142.0
1538;139.0
1539;143.0
1540;148.0
1541;145.0
1542;142.0
1543;147.0
1544;140.0
1545;142.0
1546;141.0
1547;145.0
1548;144.0
1549;141.0
1550;142.0
1551;143.0
1552;143.0
1553;142.0
1554;141.0
1555;142.0
1556;139.0
1557;143.0
1558;146.0
1559;142.0
1560;149.0
1561;149.0
1562;152.0
1563;149.0
1564;147.0
1565;149.0
1566;157.0
1567;148.0
1568;146.0
1569;147.0
1570;149.0
1571;148.0
1572;150.0
1573;152.0
1574;152.0
1575;150.0
1576;145.0
1577;149.0
1578;153.0
1579;147.0
1580;148.0
1581;147.0
1582;150.0
1583;150.0
1584;146.0
1585;152.0
1586;149.0
1587;149.0
1588;147.0
1589;149.0
1590;152.0
1591;149.0
1592;146.0
1593;145.0
1594;152.0
1595;146.0
1596;149.0
1597;152.0
1598;145.0
1599;150.0
1600;152.0
1601;149.0
1602;153.0
1603;158.0
1604;167.0
1605;138.0
1606;150.0
1607;155.0
1608;152.0
1609;150.0
1610;151.0
1611;153.0
1612;154.0
1613;151.0
1614;133.0
1615;153.0
1616;151.0
1617;150.0
1618;150.0
1619;151.0
1620;151.0
1621;151.0
1622;152.0
1623;154.0
1624;150.0
1625;147.0
1626;151.0
1627;152.0
1628;151.0
1629;149.0
1630;152.0
1631;152.0
1632;149.0
1633;153.0
1634;148.0
1635;155.0
1636;156.0
1637;151.0
1638;153.0
1639;149.0
1640;152.0
1641;148.0
1642;152.0
1643;152.0
1644;155.0
1645;152.0
1646;150.0
1647;152.0
1648;156.0
1649;157.0
1650;150.0
1651;150.0
1652;152.0
1653;156.0
1654;149.0
1655;149.0
1656;136.0
1657;152.0
1658;149.0
1659;142.0
1660;155.0
1661;151.0
1662;168.0
1663;153.0
1664;161.0
1665;160.0
1666;155.0
1667;149.0
1668;151.0
1669;153.0
1670;156.0
1671;151.0
1672;157.0
1673;159.0
1674;155.0
1675;155.0
1676;151.0
1677;150.0
1678;158.0
1679;159.0
1680;157.0
1681;151.0
1682;154.0
1683;156.0
1684;153.0
1685;156.0
1686;161.0
1687;152.0
1688;153.0
1689;156.0
1690;163.0
1691;154.0
1692;151.0
1693;149.0
1694;156.0
1695;152.0
1696;156.0
1697;152.0
1698;157.0
1699;156.0
1700;152.0
1701;158.0
1702;152.0
1703;152.0
1704;229.0
1705;153.0
1706;148.0
1707;153.0
1708;153.0
1709;157.0
1710;156.0
1711;158.0
1712;157.0
1713;153.0
1714;153.0
1715;155.0
1716;157.0
1717;158.0
1718;155.0
1719;160.0
1720;158.0
1721;159.0
1722;156.0
1723;148.0
1724;149.0
1725;156.0
1726;158.0
1727;152.0
1728;157.0
1729;154.0
1730;153.0
1731;160.0
1732;161.0
1733;155.0
1734;157.0
1735;160.0
1736;152.0
1737;156.0
1738;160.0
1739;153.0
1740;153.0
1741;158.0
1742;160.0
1743;155.0
1744;159.0
1745;157.0
1746;158.0
1747;156.0
1748;159.0
1749;160.0
1750;160.0
1751;159.0
1752;154.0
1753;158.0
1754;163.0
1755;165.0
1756;151.0
1757;154.0
1758;156.0
1759;160.0
1760;158.0
1761;165.0
1762;161.0
1763;156.0
1764;158.0
1765;161.0
1766;156.0
1767;152.0
1768;155.0
1769;160.0
1770;158.0
1771;156.0
1772;154.0
1773;159.0
1774;154.0
1775;159.0
1776;155.0
1777;164.0
1778;159.0
1779;158.0
1780;164.0
1781;162.0
1782;157.0
1783;157.0
1784;161.0
1785;156.0
1786;139.0
1787;156.0
1788;156.0
1789;163.0
1790;155.0
1791;155.0
1792;161.0
1793;159.0
1794;154.0
1795;156.0
1796;172.0
1797;162.0
1798;154.0
1799;156.0
1800;164.0
1801;164.0
1802;166.0
1803;163.0
1804;163.0
1805;161.0
1806;160.0
1807;155.0
1808;160.0
1809;142.0
1810;158.0
1811;158.0
1812;165.0
1813;157.0
1814;157.0
1815;152.0
1816;157.0
1817;157.0
1818;155.0
1819;164.0
1820;161.0
1821;163.0
1822;164.0
1823;158.0
1824;162.0
1825;156.0
1826;161.0
1827;169.0
1828;138.0
1829;158.0
1830;161.0
1831;141.0
1832;160.0
1833;161.0
1834;161.0
1835;162.0
1836;161.0
1837;157.0
1838;162.0
1839;159.0
1840;162.0
1841;161.0
1842;157.0
1843;161.0
1844;156.0
1845;157.0
1846;160.0
1847;158.0
1848;159.0
1849;162.0
1850;158.0
1851;163.0
1852;163.0
1853;158.0
1854;160.0
1855;161.0
1856;163.0
1857;165.0
1858;160.0
1859;163.0
1860;164.0
1861;162.0
1862;165.0
1863;160.0
1864;159.0
1865;164.0
1866;163.0
1867;162.0
1868;164.0
1869;162.0
1870;164.0
1871;164.0
1872;163.0
1873;163.0
1874;157.0
1875;160.0
1876;159.0
1877;145.0
1878;160.0
1879;162.0
1880;163.0
1881;164.0
1882;158.0
1883;161.0
1884;164.0
1885;163.0
1886;164.0
1887;161.0
1888;164.0
1889;163.0
1890;162.0
1891;165.0
1892;156.0
1893;191.0
1894;169.0
1895;164.0
1896;173.0
1897;166.0
1898;162.0
1899;167.0
1900;163.0
1901;167.0
1902;167.0
1903;165.0
1904;161.0
1905;168.0
1906;166.0
1907;168.0
1908;164.0
1909;161.0
1910;166.0
1911;164.0
1912;163.0
1913;168.0
1914;169.0
1915;168.0
1916;167.0
1917;166.0
1918;165.0
1919;169.0
1920;165.0
1921;164.0
1922;163.0
1923;164.0
1924;169.0
1925;165.0
1926;170.0
1927;161.0
1928;164.0
1929;164.0
1930;166.0
1931;166.0
1932;169.0
1933;167.0
1934;166.0
1935;167.0
1936;161.0
1937;169.0
1938;165.0
1939;166.0
1940;165.0
1941;169.0
1942;169.0
1943;165.0
1944;164.0
1945;167.0
1946;168.0
1947;168.0
1948;164.0
1949;169.0
1950;165.0
1951;168.0
1952;166.0
1953;168.0
1954;168.0
1955;167.0
1956;167.0
1957;167.0
1958;168.0
1959;168.0
1960;165.0
1961;169.0
1962;168.0
1963;163.0
1964;169.0
1965;162.0
1966;169.0
1967;167.0
1968;166.0
1969;170.0
1970;166.0
1971;170.0
1972;175.0
1973;165.0
1974;167.0
1975;168.0
1976;166.0
1977;167.0
1978;172.0
1979;165.0
1980;167.0
1981;171.0
1982;168.0
1983;166.0
1984;167.0
1985;174.0
1986;167.0
1987;165.0
1988;168.0
1989;163.0
1990;176.0
1991;179.0
1992;173.0
1993;175.0
1994;172.0
1995;170.0
1996;146.0
1997;166.0
1998;173.0
1999;168.0
2000;172.0
2001;174.0
2002;177.0
2003;170.0
2004;166.0
2005;188.0
2006;178.0
2007;175.0
2008;168.0
2009;172.0
2010;168.0
2011;176.0
2012;170.0
2013;173.0
2014;168.0
2015;172.0
2016;167.0
2017;177.0
2018;167.0
2019;176.0
2020;172.0
2021;166.0
2022;165.0
2023;173.0
2024;175.0
2025;174.0
2026;169.0
2027;171.0
2028;176.0
2029;174.0
2030;177.0
2031;174.0
2032;174.0
2033;170.0
2034;174.0
2035;174.0
2036;152.0
2037;193.0
2038;174.0
2039;189.0
2040;175.0
2041;176.0
2042;175.0
2043;179.0
2044;174.0
2045;178.0
2046;175.0
2047;174.0
2048;169.0
2049;175.0
2050;178.0
2051;181.0
2052;176.0
2053;182.0
2054;183.0
2055;176.0
2056;180.0
2057;175.0
2058;182.0
2059;156.0
2060;178.0
2061;176.0
2062;181.0
2063;180.0
2064;178.0
2065;176.0
2066;178.0
2067;178.0
2068;182.0
2069;178.0
2070;175.0
2071;264.0
2072;179.0
2073;182.0
2074;178.0
2075;182.0
2076;179.0
2077;179.0
2078;178.0
2079;153.0
2080;173.0
2081;177.0
2082;180.0
2083;176.0
2084;176.0
2085;153.0
2086;180.0
2087;180.0
2088;176.0
2089;180.0
2090;182.0
2091;173.0
2092;175.0
2093;184.0
2094;180.0
2095;182.0
2096;177.0
2097;181.0
2098;182.0
2099;176.0
2100;177.0
2101;175.0
2102;175.0
2103;178.0
2104;177.0
2105;180.0
2106;176.0
2107;180.0
2108;188.0
2109;181.0
2110;176.0
2111;180.0
2112;178.0
2113;177.0
2114;157.0
2115;184.0
2116;180.0
2117;178.0
2118;186.0
2119;184.0
2120;192.0
2121;181.0
2122;182.0
2123;174.0
2124;179.0
2125;178.0
2126;181.0
2127;181.0
2128;195.0
2129;176.0
2130;183.0
2131;180.0
2132;181.0
2133;178.0
2134;176.0
2135;181.0
2136;177.0
2137;181.0
2138;178.0
2139;183.0
2140;182.0
2141;177.0
2142;155.0
2143;181.0
2144;179.0
2145;180.0
2146;180.0
2147;179.0
2148;179.0
2149;180.0
2150;178.0
2151;179.0
2152;178.0
2153;176.0
2154;184.0
2155;179.0
2156;180.0
2157;180.0
2158;187.0
2159;182.0
2160;184.0
2161;186.0
2162;181.0
2163;179.0
2164;186.0
2165;182.0
2166;183.0
2167;184.0
2168;182.0
2169;186.0
2170;189.0
2171;194.0
2172;187.0
2173;189.0
2174;182.0
2175;179.0
2176;183.0
2177;183.0
2178;182.0
2179;184.0
2180;183.0
2181;184.0
2182;183.0
2183;184.0
2184;182.0
2185;184.0
2186;187.0
2187;186.0
2188;190.0
2189;186.0
2190;184.0
2191;183.0
2192;186.0
2193;187.0
2194;183.0
2195;183.0
2196;185.0
2197;184.0
2198;188.0
2199;184.0
2200;190.0
2201;182.0
2202;182.0
2203;181.0
2204;181.0
2205;179.0
2206;187.0
2207;184.0
2208;184.0
2209;183.0
2210;185.0
2211;184.0
2212;185.0
2213;183.0
2214;183.0
2215;186.0
2216;185.0
2217;186.0
2218;187.0
2219;180.0
2220;189.0
2221;184.0
2222;188.0
2223;185.0
2224;184.0
2225;183.0
2226;184.0
2227;188.0
2228;185.0
2229;183.0
2230;187.0
2231;186.0
2232;190.0
2233;187.0
2234;187.0
2235;186.0
2236;191.0
2237;185.0
2238;183.0
2239;186.0
2240;183.0
2241;190.0
2242;184.0
2243;183.0
2244;188.0
2245;186.0
2246;190.0
2247;189.0
2248;209.0
2249;185.0
2250;189.0
2251;191.0
2252;188.0
2253;182.0
2254;189.0
2255;190.0
2256;187.0
2257;193.0
2258;186.0
2259;190.0
2260;197.0
2261;191.0
2262;186.0
2263;188.0
2264;187.0
2265;190.0
2266;186.0
2267;189.0
2268;188.0
2269;190.0
2270;191.0
2271;189.0
2272;190.0
2273;189.0
2274;188.0
2275;191.0
2276;191.0
2277;196.0
2278;197.0
2279;197.0
2280;189.0
2281;186.0
2282;188.0
2283;168.0
2284;162.0
2285;187.0
2286;188.0
2287;191.0
2288;187.0
2289;188.0
2290;190.0
2291;193.0
2292;187.0
2293;191.0
2294;189.0
2295;191.0
2296;190.0
2297;189.0
2298;193.0
2299;189.0
2300;192.0
2301;186.0
2302;205.0
2303;194.0
2304;190.0
2305;198.0
2306;190.0
2307;190.0
2308;192.0
2309;187.0
2310;189.0
2311;193.0
2312;187.0
2313;194.0
2314;190.0
2315;195.0
2316;188.0
2317;193.0
2318;195.0
2319;192.0
2320;190.0
2321;196.0
2322;190.0
2323;192.0
2324;189.0
2325;186.0
2326;192.0
2327;197.0
2328;191.0
2329;190.0
2330;194.0
2331;193.0
2332;187.0
2333;190.0
2334;190.0
2335;193.0
2336;198.0
2337;189.0
2338;191.0
2339;190.0
2340;192.0
2341;166.0
2342;190.0
2343;193.0
2344;190.0
2345;200.0
2346;200.0
2347;200.0
2348;199.0
2349;201.0
2350;191.0
2351;159.0
2352;194.0
2353;193.0
2354;194.0
2355;206.0
2356;194.0
2357;191.0
2358;195.0
2359;197.0
2360;191.0
2361;190.0
2362;191.0
2363;190.0
2364;194.0
2365;198.0
2366;189.0
2367;194.0
2368;198.0
2369;194.0
2370;198.0
2371;192.0
2372;198.0
2373;193.0
2374;204.0
2375;191.0
2376;191.0
2377;197.0
2378;191.0
2379;196.0
2380;196.0
2381;195.0
2382;199.0
2383;191.0
2384;199.0
2385;196.0
2386;196.0
2387;196.0
2388;196.0
2389;196.0
2390;193.0
2391;193.0
2392;193.0
2393;195.0
2394;195.0
2395;196.0
2396;194.0
2397;194.0
2398;192.0
2399;195.0
2400;190.0
2401;197.0
2402;192.0
2403;197.0
2404;195.0
2405;194.0
2406;196.0
2407;196.0
2408;193.0
2409;193.0
2410;192.0
2411;197.0
2412;197.0
2413;196.0
2414;194.0
2415;220.0
2416;199.0
2417;195.0
2418;196.0
2419;196.0
2420;195.0
2421;198.0
2422;198.0
2423;194.0
2424;199.0
2425;197.0
2426;191.0
2427;195.0
2428;197.0
2429;198.0
2430;197.0
2431;195.0
2432;196.0
2433;200.0
2434;194.0
2435;196.0
2436;197.0
2437;197.0
2438;198.0
2439;199.0
2440;196.0
2441;199.0
2442;199.0
2443;198.0
2444;197.0
2445;201.0
2446;194.0
2447;200.0
2448;194.0
2449;198.0
2450;202.0
2451;194.0
2452;200.0
2453;196.0
2454;196.0
2455;207.0
2456;197.0
2457;200.0
2458;204.0
2459;203.0
2460;200.0
2461;199.0
2462;197.0
2463;203.0
2464;165.0
2465;207.0
2466;196.0
2467;203.0
2468;199.0
2469;204.0
2470;196.0
2471;200.0
2472;199.0
2473;196.0
2474;199.0
2475;202.0
2476;204.0
2477;199.0
2478;202.0
2479;204.0
2480;202.0
2481;200.0
2482;197.0
2483;203.0
2484;202.0
2485;201.0
2486;204.0
2487;204.0
2488;202.0
2489;206.0
2490;205.0
2491;207.0
2492;203.0
2493;200.0
2494;201.0
2495;206.0
2496;200.0
2497;201.0
2498;197.0
2499;204.0
2500;202.0
2501;173.0
2502;205.0
2503;204.0
2504;205.0
2505;210.0
2506;204.0
2507;203.0
2508;206.0
2509;205.0
2510;200.0
2511;207.0
2512;207.0
2513;206.0
2514;203.0
2515;203.0
2516;205.0
2517;209.0
2518;208.0
2519;214.0
2520;209.0
2521;205.0
2522;208.0
2523;206.0
2524;205.0
2525;206.0
2526;205.0
2527;204.0
2528;217.0
2529;206.0
2530;178.0
2531;205.0
2532;206.0
2533;205.0
2534;208.0
2535;211.0
2536;208.0
2537;207.0
2538;206.0
2539;206.0
2540;206.0
2541;205.0
2542;206.0
2543;208.0
2544;219.0
2545;207.0
2546;211.0
2547;210.0
2548;208.0
2549;213.0
2550;230.0
2551;206.0
2552;209.0
2553;211.0
2554;207.0
2555;208.0
2556;208.0
2557;209.0
2558;211.0
2559;210.0
2560;213.0
2561;208.0
2562;207.0
2563;208.0
2564;206.0
2565;205.0
2566;176.0
2567;208.0
2568;208.0
2569;210.0
2570;212.0
2571;206.0
2572;211.0
2573;207.0
2574;212.0
2575;212.0
2576;212.0
2577;206.0
2578;210.0
2579;291.0
2580;202.0
2581;177.0
2582;211.0
2583;215.0
2584;207.0
2585;208.0
2586;207.0
2587;218.0
2588;175.0
2589;211.0
2590;209.0
2591;211.0
2592;206.0
2593;214.0
2594;210.0
2595;215.0
2596;214.0
2597;213.0
2598;210.0
2599;227.0
2600;175.0
2601;215.0
2602;209.0
2603;215.0
2604;215.0
2605;214.0
2606;211.0
2607;214.0
2608;212.0
2609;212.0
2610;208.0
2611;215.0
2612;209.0
2613;214.0
2614;215.0
2615;207.0
2616;211.0
2617;216.0
2618;208.0
2619;212.0
2620;213.0
2621;215.0
2622;212.0
2623;218.0
2624;211.0
2625;214.0
2626;217.0
2627;210.0
2628;207.0
2629;215.0
2630;208.0
2631;214.0
2632;208.0
2633;211.0
2634;215.0
2635;210.0
2636;205.0
2637;216.0
2638;212.0
2639;212.0
2640;214.0
2641;216.0
2642;215.0
2643;218.0
2644;215.0
2645;220.0
2646;214.0
2647;219.0
2648;216.0
2649;216.0
2650;214.0
2651;217.0
2652;215.0
2653;212.0
2654;208.0
2655;213.0
2656;216.0
2657;212.0
2658;216.0
2659;213.0
2660;212.0
2661;221.0
2662;216.0
2663;218.0
2664;213.0
2665;218.0
2666;219.0
2667;218.0
2668;220.0
2669;216.0
2670;216.0
2671;215.0
2672;214.0
2673;217.0
2674;211.0
2675;216.0
2676;219.0
2677;219.0
2678;223.0
2679;214.0
2680;218.0
2681;224.0
2682;219.0
2683;226.0
2684;224.0
2685;221.0
2686;216.0
2687;215.0
2688;213.0
2689;221.0
2690;218.0
2691;217.0
2692;213.0
2693;221.0
2694;211.0
2695;219.0
2696;214.0
2697;218.0
2698;213.0
2699;215.0
2700;220.0
2701;212.0
2702;219.0
2703;222.0
2704;218.0
2705;231.0
2706;220.0
2707;221.0
2708;222.0
2709;222.0
2710;220.0
2711;224.0
2712;214.0
2713;220.0
2714;219.0
2715;224.0
2716;219.0
2717;214.0
2718;217.0
2719;220.0
2720;219.0
2721;222.0
2722;214.0
2723;220.0
2724;221.0
2725;223.0
2726;222.0
2727;220.0
2728;221.0
2729;224.0
2730;222.0
2731;223.0
2732;219.0
2733;217.0
2734;224.0
2735;223.0
2736;219.0
2737;221.0
2738;220.0
2739;220.0
2740;221.0
2741;221.0
2742;220.0
2743;223.0
2744;220.0
2745;226.0
2746;220.0
2747;253.0
2748;221.0
2749;225.0
2750;215.0
2751;214.0
2752;228.0
2753;224.0
2754;223.0
2755;222.0
2756;223.0
2757;225.0
2758;221.0
2759;190.0
2760;227.0
2761;222.0
2762;222.0
2763;226.0
2764;224.0
2765;219.0
2766;219.0
2767;225.0
2768;226.0
2769;226.0
2770;218.0
2771;224.0
2772;225.0
2773;226.0
2774;225.0
2775;227.0
2776;225.0
2777;223.0
2778;179.0
2779;223.0
2780;219.0
2781;229.0
2782;230.0
2783;233.0
2784;222.0
2785;225.0
2786;225.0
2787;229.0
2788;227.0
2789;226.0
2790;240.0
2791;192.0
2792;227.0
2793;224.0
2794;225.0
2795;226.0
2796;223.0
2797;231.0
2798;223.0
2799;226.0
2800;222.0
2801;229.0
2802;230.0
2803;227.0
2804;227.0
2805;183.0
2806;225.0
2807;231.0
2808;227.0
2809;223.0
2810;230.0
2811;226.0
2812;228.0
2813;226.0
2814;228.0
2815;226.0
2816;225.0
2817;231.0
2818;226.0
2819;229.0
2820;230.0
2821;231.0
2822;228.0
2823;227.0
2824;226.0
2825;227.0
2826;229.0
2827;244.0
2828;232.0
2829;227.0
2830;226.0
2831;237.0
2832;227.0
2833;231.0
2834;234.0
2835;228.0
2836;230.0
2837;224.0
2838;232.0
2839;231.0
2840;231.0
2841;240.0
2842;237.0
2843;245.0
2844;232.0
2845;230.0
2846;230.0
2847;225.0
2848;244.0
2849;238.0
2850;233.0
2851;229.0
2852;229.0
2853;230.0
2854;235.0
2855;234.0
2856;233.0
2857;230.0
2858;229.0
2859;227.0
2860;228.0
2861;234.0
2862;234.0
2863;228.0
2864;194.0
2865;236.0
2866;237.0
2867;230.0
2868;232.0
2869;231.0
2870;231.0
2871;232.0
2872;233.0
2873;228.0
2874;232.0
2875;232.0
2876;228.0
2877;233.0
2878;236.0
2879;235.0
2880;230.0
2881;234.0
2882;231.0
2883;240.0
2884;231.0
2885;193.0
2886;237.0
2887;230.0
2888;236.0
2889;229.0
2890;236.0
2891;294.0
2892;236.0
2893;236.0
2894;234.0
2895;234.0
2896;235.0
2897;230.0
2898;232.0
2899;257.0
2900;229.0
2901;234.0
2902;232.0
2903;237.0
2904;231.0
2905;235.0
2906;229.0
2907;243.0
2908;236.0
2909;238.0
2910;241.0
2911;239.0
2912;234.0
2913;239.0
2914;239.0
2915;245.0
2916;235.0
2917;244.0
2918;238.0
2919;236.0
2920;251.0
2921;240.0
2922;193.0
2923;240.0
2924;239.0
2925;240.0
2926;241.0
2927;236.0
2928;231.0
2929;236.0
2930;235.0
2931;236.0
2932;238.0
2933;236.0
2934;188.0
2935;234.0
2936;239.0
2937;241.0
2938;238.0
2939;235.0
2940;229.0
2941;239.0
2942;239.0
2943;240.0
2944;231.0
2945;238.0
2946;238.0
2947;242.0
2948;230.0
2949;238.0
2950;239.0
2951;237.0
2952;236.0
2953;242.0
2954;239.0
2955;237.0
2956;240.0
2957;237.0
2958;240.0
2959;241.0
2960;241.0
2961;239.0
2962;239.0
2963;237.0
2964;240.0
2965;240.0
2966;238.0
2967;243.0
2968;241.0
2969;262.0
2970;241.0
2971;241.0
2972;243.0
2973;244.0
2974;240.0
2975;242.0
2976;238.0
2977;239.0
2978;244.0
2979;246.0
2980;241.0
2981;242.0
2982;248.0
2983;244.0
2984;240.0
2985;241.0
2986;242.0
2987;249.0
2988;245.0
2989;245.0
2990;242.0
2991;269.0
2992;242.0
2993;242.0
2994;241.0
2995;253.0
2996;244.0
2997;251.0
2998;240.0
2999;241.0
3000;243.0
3001;246.0
3002;244.0
3003;245.0
3004;237.0
3005;245.0
3006;242.0
3007;241.0
3008;242.0
3009;244.0
3010;236.0
3011;241.0
3012;244.0
3013;243.0
3014;244.0
3015;241.0
3016;242.0
3017;246.0
3018;264.0
3019;243.0
3020;242.0
3021;244.0
3022;251.0
3023;264.0
3024;246.0
3025;247.0
3026;247.0
3027;247.0
3028;246.0
3029;244.0
3030;244.0
3031;244.0
3032;242.0
3033;245.0
3034;245.0
3035;248.0
3036;243.0
3037;275.0
3038;248.0
3039;285.0
3040;253.0
3041;243.0
3042;244.0
3043;248.0
3044;246.0
3045;246.0
3046;246.0
3047;249.0
3048;247.0
3049;255.0
3050;248.0
3051;248.0
3052;267.0
3053;246.0
3054;248.0
3055;248.0
3056;247.0
3057;247.0
3058;248.0
3059;244.0
3060;249.0
3061;249.0
3062;252.0
3063;247.0
3064;252.0
3065;253.0
3066;260.0
3067;247.0
3068;254.0
3069;253.0
3070;249.0
3071;249.0
3072;249.0
3073;251.0
3074;254.0
3075;249.0
3076;250.0
3077;245.0
3078;248.0
3079;244.0
3080;250.0
3081;249.0
3082;251.0
3083;247.0
3084;254.0
3085;250.0
3086;254.0
3087;251.0
3088;253.0
3089;243.0
3090;253.0
3091;247.0
3092;252.0
3093;248.0
3094;249.0
3095;249.0
3096;252.0
3097;259.0
3098;253.0
3099;255.0
3100;265.0
3101;249.0
3102;253.0
3103;247.0
3104;249.0
3105;250.0
3106;255.0
3107;249.0
3108;248.0
3109;247.0
3110;257.0
3111;252.0
3112;253.0
3113;250.0
3114;260.0
3115;255.0
3116;248.0
3117;252.0
3118;256.0
3119;249.0
3120;255.0
3121;254.0
3122;252.0
3123;250.0
3124;259.0
3125;254.0
3126;280.0
3127;248.0
3128;250.0
3129;253.0
3130;253.0
3131;253.0
3132;258.0
3133;254.0
3134;254.0
3135;253.0
3136;255.0
3137;203.0
3138;256.0
3139;251.0
3140;261.0
3141;251.0
3142;258.0
3143;259.0
3144;258.0
3145;275.0
3146;268.0
3147;251.0
3148;251.0
3149;254.0
3150;259.0
3151;252.0
3152;258.0
3153;254.0
3154;255.0
3155;254.0
3156;259.0
3157;253.0
3158;256.0
3159;254.0
3160;257.0
3161;248.0
3162;253.0
3163;255.0
3164;254.0
3165;251.0
3166;259.0
3167;252.0
3168;259.0
3169;210.0
3170;255.0
3171;257.0
3172;266.0
3173;260.0
3174;257.0
3175;257.0
3176;261.0
3177;252.0
3178;258.0
3179;262.0
3180;253.0
3181;258.0
3182;263.0
3183;307.0
3184;261.0
3185;259.0
3186;259.0
3187;260.0
3188;260.0
3189;208.0
3190;257.0
3191;260.0
3192;261.0
3193;259.0
3194;262.0
3195;260.0
3196;264.0
3197;257.0
3198;261.0
3199;256.0
3200;258.0
3201;264.0
3202;262.0
3203;260.0
3204;265.0
3205;259.0
3206;263.0
3207;256.0
3208;265.0
3209;258.0
3210;267.0
3211;263.0
3212;258.0
3213;263.0
3214;260.0
3215;262.0
3216;260.0
3217;264.0
3218;295.0
3219;267.0
3220;266.0
3221;216.0
3222;265.0
3223;265.0
3224;260.0
3225;263.0
3226;259.0
3227;261.0
3228;264.0
3229;269.0
3230;269.0
3231;263.0
3232;263.0
3233;266.0
3234;262.0
3235;264.0
3236;268.0
3237;263.0
3238;262.0
3239;263.0
3240;260.0
3241;267.0
3242;266.0
3243;268.0
3244;257.0
3245;268.0
3246;260.0
3247;265.0
3248;262.0
3249;264.0
3250;265.0
3251;263.0
3252;266.0
3253;267.0
3254;265.0
3255;270.0
3256;263.0
3257;268.0
3258;278.0
3259;273.0
3260;267.0
3261;265.0
3262;260.0
3263;272.0
3264;266.0
3265;272.0
3266;263.0
3267;266.0
3268;260.0
3269;269.0
3270;263.0
3271;267.0
3272;262.0
3273;269.0
3274;263.0
3275;268.0
3276;268.0
3277;268.0
3278;262.0
3279;272.0
3280;266.0
3281;267.0
3282;267.0
3283;272.0
3284;265.0
3285;270.0
3286;266.0
3287;270.0
3288;279.0
3289;279.0
3290;273.0
3291;279.0
3292;270.0
3293;275.0
3294;269.0
3295;282.0
3296;274.0
3297;272.0
3298;215.0
3299;269.0
3300;270.0
3301;278.0
3302;268.0
3303;270.0
3304;266.0
3305;270.0
3306;269.0
3307;274.0
3308;265.0
3309;269.0
3310;268.0
3311;271.0
3312;268.0
3313;274.0
3314;266.0
3315;271.0
3316;262.0
3317;273.0
3318;274.0
3319;282.0
3320;270.0
3321;273.0
3322;264.0
3323;344.0
3324;271.0
3325;271.0
3326;265.0
3327;273.0
3328;270.0
3329;224.0
3330;267.0
3331;268.0
3332;274.0
3333;268.0
3334;270.0
3335;273.0
3336;278.0
3337;272.0
3338;271.0
3339;302.0
3340;274.0
3341;273.0
3342;277.0
3343;281.0
3344;274.0
3345;276.0
3346;275.0
3347;267.0
3348;277.0
3349;274.0
3350;314.0
3351;273.0
3352;294.0
3353;268.0
3354;272.0
3355;272.0
3356;270.0
3357;277.0
3358;271.0
3359;279.0
3360;276.0
3361;277.0
3362;271.0
3363;271.0
3364;275.0
3365;281.0
3366;267.0
3367;276.0
3368;277.0
3369;272.0
3370;268.0
3371;278.0
3372;279.0
3373;278.0
3374;221.0
3375;276.0
3376;276.0
3377;278.0
3378;271.0
3379;284.0
3380;281.0
3381;273.0
3382;280.0
3383;226.0
3384;279.0
3385;270.0
3386;281.0
3387;281.0
3388;270.0
3389;276.0
3390;278.0
3391;278.0
3392;278.0
3393;311.0
3394;277.0
3395;273.0
3396;285.0
3397;277.0
3398;280.0
3399;280.0
3400;283.0
3401;276.0
3402;280.0
3403;275.0
3404;283.0
3405;283.0
3406;282.0
3407;277.0
3408;281.0
3409;277.0
3410;285.0
3411;282.0
3412;280.0
3413;268.0
3414;284.0
3415;278.0
3416;281.0
3417;290.0
3418;283.0
3419;279.0
3420;281.0
3421;282.0
3422;282.0
3423;281.0
3424;277.0
3425;224.0
3426;283.0
3427;282.0
3428;237.0
3429;289.0
3430;287.0
3431;289.0
3432;281.0
3433;276.0
3434;282.0
3435;274.0
3436;284.0
3437;275.0
3438;280.0
3439;279.0
3440;282.0
3441;292.0
3442;285.0
3443;282.0
3444;287.0
3445;286.0
3446;286.0
3447;281.0
3448;282.0
3449;286.0
3450;287.0
3451;279.0
3452;282.0
3453;279.0
3454;280.0
3455;282.0
3456;287.0
3457;279.0
3458;285.0
3459;354.0
3460;293.0
3461;287.0
3462;281.0
3463;287.0
3464;286.0
3465;289.0
3466;286.0
3467;288.0
3468;296.0
3469;295.0
3470;290.0
3471;287.0
3472;294.0
3473;286.0
3474;282.0
3475;291.0
3476;289.0
3477;290.0
3478;288.0
3479;296.0
3480;287.0
3481;292.0
3482;286.0
3483;293.0
3484;284.0
3485;288.0
3486;291.0
3487;284.0
3488;292.0
3489;287.0
3490;292.0
3491;285.0
3492;285.0
3493;286.0
3494;300.0
3495;289.0
3496;285.0
3497;293.0
3498;288.0
3499;283.0
3500;289.0
3501;282.0
3502;287.0
3503;287.0
3504;287.0
3505;283.0
3506;292.0
3507;289.0
3508;291.0
3509;289.0
3510;288.0
3511;283.0
3512;296.0
3513;286.0
3514;291.0
3515;290.0
3516;297.0
3517;237.0
3518;286.0
3519;292.0
3520;291.0
3521;235.0
3522;295.0
3523;296.0
3524;290.0
3525;292.0
3526;238.0
3527;290.0
3528;298.0
3529;290.0
3530;300.0
3531;297.0
3532;294.0
3533;295.0
3534;291.0
3535;283.0
3536;288.0
3537;288.0
3538;298.0
3539;297.0
3540;300.0
3541;288.0
3542;290.0
3543;296.0
3544;294.0
3545;300.0
3546;294.0
3547;307.0
3548;293.0
3549;298.0
3550;292.0
3551;287.0
3552;295.0
3553;298.0
3554;293.0
3555;288.0
3556;297.0
3557;292.0
3558;298.0
3559;296.0
3560;294.0
3561;297.0
3562;296.0
3563;297.0
3564;302.0
3565;303.0
3566;304.0
3567;242.0
3568;251.0
3569;293.0
3570;296.0
3571;296.0
3572;297.0
3573;290.0
3574;286.0
3575;303.0
3576;293.0
3577;284.0
3578;294.0
3579;294.0
3580;292.0
3581;304.0
3582;310.0
3583;297.0
3584;296.0
3585;238.0
3586;304.0
3587;301.0
3588;291.0
3589;296.0
3590;298.0
3591;354.0
3592;304.0
3593;299.0
3594;299.0
3595;303.0
3596;292.0
3597;294.0
3598;296.0
3599;301.0
3600;299.0
3601;292.0
3602;329.0
3603;300.0
3604;305.0
3605;295.0
3606;296.0
3607;306.0
3608;310.0
3609;307.0
3610;302.0
3611;306.0
3612;306.0
3613;307.0
3614;310.0
3615;296.0
3616;300.0
3617;303.0
3618;301.0
3619;304.0
3620;303.0
3621;305.0
3622;301.0
3623;301.0
3624;301.0
3625;306.0
3626;305.0
3627;304.0
3628;298.0
3629;305.0
3630;305.0
3631;304.0
3632;301.0
3633;308.0
3634;306.0
3635;304.0
3636;308.0
3637;301.0
3638;300.0
3639;300.0
3640;303.0
3641;310.0
3642;304.0
3643;304.0
3644;300.0
3645;302.0
3646;297.0
3647;303.0
3648;309.0
3649;304.0
3650;309.0
3651;304.0
3652;302.0
3653;304.0
3654;312.0
3655;302.0
3656;314.0
3657;305.0
3658;306.0
3659;311.0
3660;295.0
3661;305.0
3662;308.0
3663;302.0
3664;313.0
3665;315.0
3666;306.0
3667;304.0
3668;313.0
3669;313.0
3670;309.0
3671;307.0
3672;309.0
3673;311.0
3674;308.0
3675;311.0
3676;311.0
3677;300.0
3678;314.0
3679;307.0
3680;313.0
3681;313.0
3682;303.0
3683;316.0
3684;305.0
3685;305.0
3686;313.0
3687;304.0
3688;304.0
3689;307.0
3690;311.0
3691;309.0
3692;314.0
3693;309.0
3694;313.0
3695;310.0
3696;314.0
3697;340.0
3698;315.0
3699;310.0
3700;311.0
3701;310.0
3702;314.0
3703;310.0
3704;306.0
3705;307.0
3706;318.0
3707;316.0
3708;312.0
3709;350.0
3710;308.0
3711;313.0
3712;310.0
3713;313.0
3714;306.0
3715;306.0
3716;310.0
3717;313.0
3718;328.0
3719;321.0
3720;306.0
3721;316.0
3722;310.0
3723;321.0
3724;312.0
3725;314.0
3726;310.0
3727;322.0
3728;312.0
3729;311.0
3730;314.0
3731;315.0
3732;316.0
3733;353.0
3734;313.0
3735;321.0
3736;317.0
3737;311.0
3738;316.0
3739;315.0
3740;310.0
3741;316.0
3742;319.0
3743;323.0
3744;319.0
3745;315.0
3746;319.0
3747;315.0
3748;324.0
3749;316.0
3750;316.0
3751;314.0
3752;318.0
3753;320.0
3754;313.0
3755;315.0
3756;318.0
3757;312.0
3758;315.0
3759;316.0
3760;315.0
3761;319.0
3762;325.0
3763;313.0
3764;320.0
3765;321.0
3766;317.0
3767;317.0
3768;316.0
3769;321.0
3770;323.0
3771;316.0
3772;321.0
3773;321.0
3774;318.0
3775;320.0
3776;314.0
3777;320.0
3778;315.0
3779;320.0
3780;324.0
3781;325.0
3782;321.0
3783;319.0
3784;320.0
3785;337.0
3786;322.0
3787;257.0
3788;322.0
3789;318.0
3790;320.0
3791;321.0
3792;324.0
3793;320.0
3794;316.0
3795;324.0
3796;323.0
3797;327.0
3798;320.0
3799;320.0
3800;323.0
3801;320.0
3802;321.0
3803;324.0
3804;320.0
3805;324.0
3806;327.0
3807;328.0
3808;244.0
3809;319.0
3810;328.0
3811;329.0
3812;322.0
3813;267.0
3814;326.0
3815;337.0
3816;363.0
3817;324.0
3818;324.0
3819;277.0
3820;320.0
3821;337.0
3822;323.0
3823;327.0
3824;331.0
3825;337.0
3826;335.0
3827;321.0
3828;319.0
3829;329.0
3830;324.0
3831;327.0
3832;331.0
3833;319.0
3834;322.0
3835;321.0
3836;325.0
3837;326.0
3838;329.0
3839;327.0
3840;325.0
3841;333.0
3842;328.0
3843;392.0
3844;326.0
3845;327.0
3846;335.0
3847;341.0
3848;326.0
3849;265.0
3850;331.0
3851;326.0
3852;330.0
3853;328.0
3854;326.0
3855;329.0
3856;331.0
3857;335.0
3858;332.0
3859;331.0
3860;335.0
3861;333.0
3862;334.0
3863;330.0
3864;324.0
3865;333.0
3866;330.0
3867;329.0
3868;327.0
3869;330.0
3870;267.0
3871;329.0
3872;334.0
3873;332.0
3874;332.0
3875;330.0
3876;334.0
3877;368.0
3878;338.0
3879;330.0
3880;336.0
3881;331.0
3882;333.0
3883;337.0
3884;334.0
3885;329.0
3886;328.0
3887;334.0
3888;335.0
3889;335.0
3890;333.0
3891;335.0
3892;335.0
3893;337.0
3894;332.0
3895;334.0
3896;335.0
3897;334.0
3898;332.0
3899;334.0
3900;340.0
3901;367.0
3902;335.0
3903;333.0
3904;337.0
3905;342.0
3906;338.0
3907;332.0
3908;330.0
3909;339.0
3910;337.0
3911;271.0
3912;338.0
3913;336.0
3914;343.0
3915;333.0
3916;255.0
3917;336.0
3918;339.0
3919;340.0
3920;337.0
3921;262.0
3922;335.0
3923;340.0
3924;338.0
3925;339.0
3926;342.0
3927;346.0
3928;342.0
3929;333.0
3930;339.0
3931;336.0
3932;335.0
3933;334.0
3934;340.0
3935;340.0
3936;342.0
3937;347.0
3938;269.0
3939;341.0
3940;335.0
3941;339.0
3942;336.0
3943;345.0
3944;341.0
3945;343.0
3946;339.0
3947;342.0
3948;342.0
3949;354.0
3950;348.0
3951;344.0
3952;344.0
3953;338.0
3954;346.0
3955;349.0
3956;347.0
3957;347.0
3958;346.0
3959;341.0
3960;353.0
3961;335.0
3962;342.0
3963;345.0
3964;390.0
3965;347.0
3966;345.0
3967;339.0
3968;341.0
3969;340.0
3970;281.0
3971;343.0
3972;345.0
3973;349.0
3974;346.0
3975;345.0
3976;339.0
3977;350.0
3978;351.0
3979;335.0
3980;343.0
3981;339.0
3982;343.0
3983;343.0
3984;344.0
3985;344.0
3986;342.0
3987;355.0
3988;346.0
3989;343.0
3990;341.0
3991;343.0
3992;345.0
3993;354.0
3994;346.0
3995;345.0
3996;350.0
3997;354.0
3998;345.0
3999;339.0
4000;351.0
4001;343.0
4002;346.0
4003;348.0
4004;344.0
4005;345.0
4006;267.0
4007;339.0
4008;347.0
4009;350.0
4010;346.0
4011;346.0
4012;351.0
4013;355.0
4014;347.0
4015;351.0
4016;346.0
4017;350.0
4018;351.0
4019;351.0
4020;350.0
4021;343.0
4022;345.0
4023;350.0
4024;347.0
4025;346.0
4026;347.0
4027;342.0
4028;346.0
4029;353.0
4030;353.0
4031;357.0
4032;347.0
4033;364.0
4034;348.0
4035;355.0
4036;353.0
4037;352.0
4038;359.0
4039;355.0
4040;352.0
4041;350.0
4042;354.0
4043;358.0
4044;350.0
4045;352.0
4046;399.0
4047;360.0
4048;352.0
4049;351.0
4050;352.0
4051;352.0
4052;358.0
4053;356.0
4054;352.0
4055;354.0
4056;347.0
4057;358.0
4058;353.0
4059;349.0
4060;357.0
4061;353.0
4062;356.0
4063;353.0
4064;353.0
4065;365.0
4066;352.0
4067;350.0
4068;358.0
4069;356.0
4070;382.0
4071;408.0
4072;350.0
4073;355.0
4074;354.0
4075;355.0
4076;355.0
4077;355.0
4078;358.0
4079;354.0
4080;350.0
4081;358.0
4082;350.0
4083;354.0
4084;352.0
4085;362.0
4086;364.0
4087;360.0
4088;278.0
4089;358.0
4090;362.0
4091;355.0
4092;363.0
4093;363.0
4094;352.0
4095;369.0
4096;360.0
4097;360.0
4098;354.0
4099;359.0
4100;362.0
4101;352.0
4102;356.0
4103;366.0
4104;360.0
4105;360.0
4106;358.0
4107;364.0
4108;361.0
4109;357.0
4110;363.0
4111;362.0
4112;357.0
4113;358.0
4114;364.0
4115;363.0
4116;363.0
4117;364.0
4118;360.0
4119;360.0
4120;369.0
4121;363.0
4122;369.0
4123;363.0
4124;363.0
4125;365.0
4126;362.0
4127;365.0
4128;359.0
4129;373.0
4130;359.0
4131;355.0
4132;359.0
4133;277.0
4134;360.0
4135;365.0
4136;357.0
4137;371.0
4138;360.0
4139;367.0
4140;360.0
4141;366.0
4142;360.0
4143;361.0
4144;295.0
4145;359.0
4146;363.0
4147;372.0
4148;377.0
4149;368.0
4150;374.0
4151;377.0
4152;368.0
4153;364.0
4154;364.0
4155;367.0
4156;296.0
4157;361.0
4158;364.0
4159;371.0
4160;368.0
4161;366.0
4162;369.0
4163;367.0
4164;367.0
4165;287.0
4166;295.0
4167;369.0
4168;371.0
4169;365.0
4170;368.0
4171;369.0
4172;371.0
4173;369.0
4174;365.0
4175;366.0
4176;375.0
4177;364.0
4178;363.0
4179;368.0
4180;367.0
4181;365.0
4182;371.0
4183;367.0
4184;374.0
4185;296.0
4186;364.0
4187;365.0
4188;374.0
4189;372.0
4190;368.0
4191;370.0
4192;365.0
4193;373.0
4194;382.0
4195;365.0
4196;379.0
4197;372.0
4198;363.0
4199;368.0
4200;292.0
4201;373.0
4202;374.0
4203;374.0
4204;365.0
4205;371.0
4206;378.0
4207;377.0
4208;378.0
4209;382.0
4210;371.0
4211;373.0
4212;386.0
4213;371.0
4214;369.0
4215;378.0
4216;373.0
4217;377.0
4218;379.0
4219;372.0
4220;374.0
4221;368.0
4222;306.0
4223;374.0
4224;373.0
4225;380.0
4226;371.0
4227;378.0
4228;372.0
4229;375.0
4230;377.0
4231;366.0
4232;372.0
4233;381.0
4234;385.0
4235;365.0
4236;374.0
4237;379.0
4238;380.0
4239;380.0
4240;375.0
4241;375.0
4242;379.0
4243;377.0
4244;384.0
4245;376.0
4246;378.0
4247;375.0
4248;372.0
4249;384.0
4250;379.0
4251;377.0
4252;379.0
4253;414.0
4254;379.0
4255;385.0
4256;384.0
4257;377.0
4258;377.0
4259;379.0
4260;393.0
4261;388.0
4262;371.0
4263;384.0
4264;375.0
4265;379.0
4266;398.0
4267;390.0
4268;385.0
4269;384.0
4270;388.0
4271;379.0
4272;389.0
4273;380.0
4274;381.0
4275;385.0
4276;378.0
4277;383.0
4278;379.0
4279;388.0
4280;384.0
4281;385.0
4282;381.0
4283;385.0
4284;383.0
4285;387.0
4286;379.0
4287;430.0
4288;376.0
4289;382.0
4290;378.0
4291;384.0
4292;376.0
4293;380.0
4294;379.0
4295;381.0
4296;382.0
4297;392.0
4298;384.0
4299;381.0
4300;389.0
4301;394.0
4302;398.0
4303;388.0
4304;385.0
4305;384.0
4306;382.0
4307;414.0
4308;408.0
4309;383.0
4310;395.0
4311;431.0
4312;384.0
4313;377.0
4314;381.0
4315;391.0
4316;392.0
4317;387.0
4318;393.0
4319;394.0
4320;305.0
4321;387.0
4322;394.0
4323;390.0
4324;391.0
4325;392.0
4326;397.0
4327;397.0
4328;382.0
4329;389.0
4330;399.0
4331;387.0
4332;389.0
4333;400.0
4334;298.0
4335;385.0
4336;392.0
4337;390.0
4338;397.0
4339;396.0
4340;388.0
4341;396.0
4342;390.0
4343;394.0
4344;387.0
4345;402.0
4346;387.0
4347;387.0
4348;395.0
4349;400.0
4350;394.0
4351;400.0
4352;406.0
4353;412.0
4354;395.0
4355;383.0
4356;391.0
4357;405.0
4358;399.0
4359;399.0
4360;399.0
4361;400.0
4362;402.0
4363;315.0
4364;408.0
4365;403.0
4366;389.0
4367;388.0
4368;401.0
4369;392.0
4370;408.0
4371;404.0
4372;402.0
4373;389.0
4374;383.0
4375;398.0
4376;404.0
4377;389.0
4378;398.0
4379;393.0
4380;395.0
4381;393.0
4382;398.0
4383;402.0
4384;423.0
4385;400.0
4386;399.0
4387;403.0
4388;401.0
4389;398.0
4390;408.0
4391;401.0
4392;396.0
4393;394.0
4394;404.0
4395;397.0
4396;394.0
4397;397.0
4398;406.0
4399;404.0
4400;409.0
4401;402.0
4402;403.0
4403;404.0
4404;396.0
4405;397.0
4406;401.0
4407;403.0
4408;399.0
4409;396.0
4410;404.0
4411;403.0
4412;411.0
4413;412.0
4414;396.0
4415;442.0
4416;410.0
4417;403.0
4418;400.0
4419;436.0
4420;425.0
4421;409.0
4422;323.0
4423;398.0
4424;399.0
4425;463.0
4426;428.0
4427;408.0
4428;403.0
4429;393.0
4430;404.0
4431;407.0
4432;405.0
4433;402.0
4434;401.0
4435;401.0
4436;408.0
4437;412.0
4438;406.0
4439;417.0
4440;415.0
4441;425.0
4442;405.0
4443;416.0
4444;420.0
4445;400.0
4446;414.0
4447;399.0
4448;410.0
4449;406.0
4450;399.0
4451;410.0
4452;405.0
4453;409.0
4454;412.0
4455;415.0
4456;410.0
4457;408.0
4458;410.0
4459;408.0
4460;401.0
4461;412.0
4462;410.0
4463;406.0
4464;408.0
4465;409.0
4466;410.0
4467;425.0
4468;410.0
4469;410.0
4470;417.0
4471;425.0
4472;411.0
4473;414.0
4474;415.0
4475;412.0
4476;422.0
4477;410.0
4478;409.0
4479;419.0
4480;410.0
4481;419.0
4482;419.0
4483;417.0
4484;411.0
4485;404.0
4486;429.0
4487;413.0
4488;412.0
4489;417.0
4490;408.0
4491;417.0
4492;417.0
4493;413.0
4494;421.0
4495;405.0
4496;472.0
4497;429.0
4498;422.0
4499;427.0
4500;413.0
4501;433.0
4502;411.0
4503;411.0
4504;409.0
4505;413.0
4506;417.0
4507;430.0
4508;426.0
4509;422.0
4510;446.0
4511;417.0
4512;416.0
4513;413.0
4514;424.0
4515;416.0
4516;420.0
4517;420.0
4518;413.0
4519;453.0
4520;327.0
4521;421.0
4522;412.0
4523;433.0
4524;418.0
4525;415.0
4526;423.0
4527;420.0
4528;419.0
4529;409.0
4530;416.0
4531;431.0
4532;415.0
4533;411.0
4534;420.0
4535;428.0
4536;420.0
4537;439.0
4538;415.0
4539;413.0
4540;431.0
4541;417.0
4542;424.0
4543;416.0
4544;419.0
4545;425.0
4546;414.0
4547;417.0
4548;416.0
4549;418.0
4550;422.0
4551;416.0
4552;419.0
4553;422.0
4554;414.0
4555;415.0
4556;424.0
4557;424.0
4558;413.0
4559;411.0
4560;330.0
4561;424.0
4562;429.0
4563;428.0
4564;425.0
4565;421.0
4566;421.0
4567;420.0
4568;419.0
4569;427.0
4570;430.0
4571;424.0
4572;421.0
4573;437.0
4574;432.0
4575;420.0
4576;425.0
4577;423.0
4578;432.0
4579;435.0
4580;434.0
4581;426.0
4582;420.0
4583;433.0
4584;429.0
4585;422.0
4586;422.0
4587;429.0
4588;423.0
4589;519.0
4590;422.0
4591;424.0
4592;432.0
4593;428.0
4594;430.0
4595;426.0
4596;431.0
4597;425.0
4598;311.0
4599;424.0
4600;422.0
4601;417.0
4602;426.0
4603;422.0
4604;432.0
4605;433.0
4606;426.0
4607;442.0
4608;416.0
4609;427.0
4610;436.0
4611;445.0
4612;435.0
4613;440.0
4614;438.0
4615;427.0
4616;427.0
4617;440.0
4618;439.0
4619;438.0
4620;432.0
4621;429.0
4622;504.0
4623;338.0
4624;434.0
4625;448.0
4626;438.0
4627;345.0
4628;429.0
4629;448.0
4630;477.0
4631;444.0
4632;447.0
4633;340.0
4634;431.0
4635;431.0
4636;447.0
4637;429.0
4638;432.0
4639;432.0
4640;434.0
4641;435.0
4642;433.0
4643;439.0
4644;430.0
4645;434.0
4646;439.0
4647;438.0
4648;432.0
4649;434.0
4650;436.0
4651;435.0
4652;435.0
4653;429.0
4654;353.0
4655;429.0
4656;436.0
4657;437.0
4658;439.0
4659;427.0
4660;442.0
4661;438.0
4662;430.0
4663;428.0
4664;453.0
4665;438.0
4666;433.0
4667;444.0
4668;437.0
4669;346.0
4670;440.0
4671;445.0
4672;434.0
4673;436.0
4674;434.0
4675;438.0
4676;438.0
4677;486.0
4678;441.0
4679;433.0
4680;437.0
4681;375.0
4682;466.0
4683;453.0
4684;444.0
4685;444.0
4686;433.0
4687;447.0
4688;449.0
4689;490.0
4690;451.0
4691;446.0
4692;440.0
4693;438.0
4694;440.0
4695;429.0
4696;445.0
4697;447.0
4698;449.0
4699;440.0
4700;438.0
4701;445.0
4702;446.0
4703;439.0
4704;454.0
4705;441.0
4706;450.0
4707;436.0
4708;441.0
4709;436.0
4710;438.0
4711;450.0
4712;446.0
4713;447.0
4714;495.0
4715;456.0
4716;444.0
4717;449.0
4718;504.0
4719;450.0
4720;434.0
4721;445.0
4722;512.0
4723;446.0
4724;448.0
4725;458.0
4726;457.0
4727;467.0
4728;456.0
4729;446.0
4730;441.0
4731;348.0
4732;450.0
4733;440.0
4734;445.0
4735;449.0
4736;443.0
4737;440.0
4738;462.0
4739;472.0
4740;456.0
4741;448.0
4742;445.0
4743;441.0
4744;442.0
4745;455.0
4746;459.0
4747;462.0
4748;453.0
4749;461.0
4750;455.0
4751;444.0
4752;447.0
4753;457.0
4754;458.0
4755;445.0
4756;370.0
4757;374.0
4758;448.0
4759;453.0
4760;453.0
4761;452.0
4762;516.0
4763;455.0
4764;446.0
4765;458.0
4766;452.0
4767;439.0
4768;497.0
4769;453.0
4770;448.0
4771;455.0
4772;448.0
4773;455.0
4774;458.0
4775;460.0
4776;456.0
4777;452.0
4778;455.0
4779;456.0
4780;461.0
4781;459.0
4782;457.0
4783;458.0
4784;459.0
4785;458.0
4786;454.0
4787;463.0
4788;458.0
4789;457.0
4790;453.0
4791;477.0
4792;455.0
4793;449.0
4794;456.0
4795;459.0
4796;450.0
4797;455.0
4798;457.0
4799;511.0
4800;456.0
4801;468.0
4802;453.0
4803;454.0
4804;465.0
4805;467.0
4806;449.0
4807;463.0
4808;478.0
4809;459.0
4810;478.0
4811;470.0
4812;449.0
4813;460.0
4814;459.0
4815;365.0
4816;459.0
4817;459.0
4818;464.0
4819;504.0
4820;469.0
4821;460.0
4822;458.0
4823;471.0
4824;512.0
4825;476.0
4826;482.0
4827;468.0
4828;470.0
4829;468.0
4830;481.0
4831;456.0
4832;456.0
4833;464.0
4834;462.0
4835;461.0
4836;477.0
4837;470.0
4838;464.0
4839;477.0
4840;463.0
4841;467.0
4842;378.0
4843;464.0
4844;469.0
4845;469.0
4846;478.0
4847;467.0
4848;529.0
4849;470.0
4850;456.0
4851;461.0
4852;470.0
4853;491.0
4854;470.0
4855;479.0
4856;467.0
4857;454.0
4858;465.0
4859;474.0
4860;471.0
4861;535.0
4862;527.0
4863;457.0
4864;472.0
4865;467.0
4866;474.0
4867;466.0
4868;467.0
4869;479.0
4870;521.0
4871;464.0
4872;522.0
4873;515.0
4874;477.0
4875;465.0
4876;462.0
4877;464.0
4878;475.0
4879;468.0
4880;466.0
4881;466.0
4882;472.0
4883;468.0
4884;524.0
4885;474.0
4886;471.0
4887;478.0
4888;464.0
4889;472.0
4890;460.0
4891;466.0
4892;467.0
4893;472.0
4894;475.0
4895;458.0
4896;482.0
4897;547.0
4898;492.0
4899;473.0
4900;475.0
4901;477.0
4902;477.0
4903;515.0
4904;478.0
4905;560.0
4906;478.0
4907;478.0
4908;483.0
4909;467.0
4910;470.0
4911;474.0
4912;471.0
4913;513.0
4914;478.0
4915;543.0
4916;472.0
4917;470.0
4918;476.0
4919;520.0
4920;476.0
4921;531.0
4922;395.0
4923;497.0
4924;479.0
4925;539.0
4926;474.0
4927;479.0
4928;477.0
4929;468.0
4930;475.0
4931;487.0
4932;467.0
4933;468.0
4934;524.0
4935;487.0
4936;550.0
4937;480.0
4938;479.0
4939;547.0
4940;463.0
4941;523.0
4942;477.0
4943;552.0
4944;485.0
4945;483.0
4946;481.0
4947;476.0
4948;469.0
4949;382.0
4950;531.0
4951;491.0
4952;473.0
4953;554.0
4954;531.0
4955;487.0
4956;537.0
4957;544.0
4958;473.0
4959;520.0
4960;444.0
4961;540.0
4962;497.0
4963;549.0
4964;547.0
4965;484.0
4966;573.0
4967;478.0
4968;482.0
4969;491.0
4970;541.0
4971;481.0
4972;479.0
4973;492.0
4974;481.0
4975;480.0
4976;480.0
4977;494.0
4978;538.0
4979;515.0
4980;486.0
4981;486.0
4982;483.0
4983;491.0
4984;540.0
4985;493.0
4986;495.0
4987;492.0
4988;489.0
4989;529.0
4990;531.0
4991;481.0
4992;532.0
4993;483.0
4994;489.0
4995;487.0
4996;482.0
4997;481.0
4998;499.0
4999;498.0
5000;481.0
5001;487.0
5002;528.0
5003;495.0
5004;578.0
5005;538.0
5006;493.0
5007;500.0
5008;491.0
5009;487.0
5010;491.0
5011;541.0
5012;420.0
5013;548.0
5014;573.0
5015;545.0
5016;495.0
5017;499.0
5018;487.0
5019;490.0
5020;498.0
5021;556.0
5022;487.0
5023;484.0
5024;496.0
5025;489.0
5026;499.0
5027;359.0
5028;489.0
5029;540.0
5030;538.0
5031;549.0
5032;533.0
5033;505.0
5034;484.0
5035;490.0
5036;561.0
5037;500.0
5038;487.0
5039;385.0
5040;392.0
5041;494.0
5042;492.0
5043;492.0
5044;502.0
5045;490.0
5046;486.0
5047;498.0
5048;538.0
5049;495.0
5050;497.0
5051;506.0
5052;534.0
5053;494.0
5054;502.0
5055;493.0
5056;493.0
5057;493.0
5058;501.0
5059;502.0
5060;502.0
5061;510.0
5062;517.0
5063;497.0
5064;540.0
5065;486.0
5066;571.0
5067;492.0
5068;498.0
5069;504.0
5070;509.0
5071;493.0
5072;544.0
5073;513.0
5074;508.0
5075;560.0
5076;567.0
5077;513.0
5078;506.0
5079;542.0
5080;569.0
5081;504.0
5082;507.0
5083;510.0
5084;507.0
5085;496.0
5086;543.0
5087;563.0
5088;498.0
5089;499.0
5090;521.0
5091;498.0
5092;511.0
5093;499.0
5094;573.0
5095;505.0
5096;493.0
5097;508.0
5098;490.0
5099;570.0
5100;561.0
5101;550.0
5102;503.0
5103;503.0
5104;501.0
5105;518.0
5106;560.0
5107;513.0
5108;505.0
5109;554.0
5110;548.0
5111;548.0
5112;556.0
5113;518.0
5114;556.0
5115;506.0
5116;452.0
5117;509.0
5118;546.0
5119;510.0
5120;552.0
5121;519.0
5122;500.0
5123;498.0
5124;509.0
5125;560.0
5126;568.0
5127;511.0
5128;513.0
5129;554.0
5130;582.0
5131;568.0
5132;512.0
5133;563.0
5134;515.0
5135;565.0
5136;505.0
5137;505.0
5138;565.0
5139;521.0
5140;509.0
5141;560.0
5142;576.0
5143;508.0
5144;559.0
5145;571.0
5146;570.0
5147;512.0
5148;582.0
5149;517.0
5150;517.0
5151;568.0
5152;520.0
5153;517.0
5154;565.0
5155;575.0
5156;590.0
5157;580.0
5158;559.0
5159;591.0
5160;558.0
5161;518.0
5162;537.0
5163;511.0
5164;508.0
5165;426.0
5166;573.0
5167;575.0
5168;588.0
5169;525.0
5170;513.0
5171;533.0
5172;580.0
5173;518.0
5174;572.0
5175;519.0
5176;511.0
5177;578.0
5178;516.0
5179;565.0
5180;595.0
5181;590.0
5182;588.0
5183;514.0
5184;582.0
5185;505.0
5186;563.0
5187;516.0
5188;515.0
5189;575.0
5190;525.0
5191;580.0
5192;517.0
5193;537.0
5194;523.0
5195;585.0
5196;515.0
5197;576.0
5198;524.0
5199;527.0
5200;587.0
5201;513.0
5202;581.0
5203;522.0
5204;512.0
5205;575.0
5206;583.0
5207;582.0
5208;569.0
5209;536.0
5210;524.0
5211;516.0
5212;576.0
5213;563.0
5214;580.0
5215;577.0
5216;568.0
5217;627.0
5218;575.0
5219;569.0
5220;602.0
5221;578.0
5222;519.0
5223;591.0
5224;590.0
5225;570.0
5226;577.0
5227;603.0
5228;574.0
5229;516.0
5230;531.0
5231;567.0
5232;588.0
5233;576.0
5234;524.0
5235;589.0
5236;523.0
5237;591.0
5238;577.0
5239;530.0
5240;538.0
5241;532.0
5242;546.0
5243;525.0
5244;524.0
5245;527.0
5246;584.0
5247;596.0
5248;537.0
5249;540.0
5250;594.0
5251;580.0
5252;575.0
5253;605.0
5254;529.0
5255;592.0
5256;546.0
5257;581.0
5258;530.0
5259;575.0
5260;596.0
5261;593.0
5262;534.0
5263;687.0
5264;536.0
5265;599.0
5266;532.0
5267;537.0
5268;461.0
5269;577.0
5270;595.0
5271;577.0
5272;525.0
5273;534.0
5274;572.0
5275;605.0
5276;543.0
5277;534.0
5278;539.0
5279;544.0
5280;533.0
5281;609.0
5282;537.0
5283;610.0
5284;533.0
5285;616.0
5286;551.0
5287;604.0
5288;555.0
5289;613.0
5290;607.0
5291;528.0
5292;601.0
5293;604.0
5294;585.0
5295;529.0
5296;533.0
5297;630.0
5298;578.0
5299;536.0
5300;586.0
5301;588.0
5302;596.0
5303;536.0
5304;534.0
5305;539.0
5306;618.0
5307;539.0
5308;533.0
5309;582.0
5310;535.0
5311;537.0
5312;539.0
5313;541.0
5314;526.0
5315;597.0
5316;538.0
5317;535.0
5318;532.0
5319;621.0
5320;536.0
5321;549.0
5322;533.0
5323;545.0
5324;598.0
5325;552.0
5326;603.0
5327;593.0
5328;612.0
5329;601.0
5330;547.0
5331;597.0
5332;581.0
5333;570.0
5334;612.0
5335;598.0
5336;498.0
5337;558.0
5338;626.0
5339;618.0
5340;547.0
5341;600.0
5342;542.0
5343;543.0
5344;544.0
5345;585.0
5346;621.0
5347;628.0
5348;545.0
5349;558.0
5350;553.0
5351;625.0
5352;555.0
5353;626.0
5354;549.0
5355;552.0
5356;535.0
5357;602.0
5358;541.0
5359;611.0
5360;547.0
5361;546.0
5362;621.0
5363;623.0
5364;543.0
5365;613.0
5366;626.0
5367;541.0
5368;554.0
5369;598.0
5370;556.0
5371;547.0
5372;619.0
5373;615.0
5374;551.0
5375;553.0
5376;609.0
5377;539.0
5378;613.0
5379;551.0
5380;541.0
5381;609.0
5382;573.0
5383;606.0
5384;553.0
5385;642.0
5386;605.0
5387;610.0
5388;467.0
5389;572.0
5390;610.0
5391;607.0
5392;625.0
5393;633.0
5394;556.0
5395;560.0
5396;596.0
5397;603.0
5398;558.0
5399;561.0
5400;617.0
5401;557.0
5402;550.0
5403;582.0
5404;600.0
5405;612.0
5406;613.0
5407;604.0
5408;559.0
5409;632.0
5410;614.0
5411;605.0
5412;618.0
5413;615.0
5414;544.0
5415;532.0
5416;552.0
5417;606.0
5418;554.0
5419;568.0
5420;560.0
5421;563.0
5422;552.0
5423;637.0
5424;553.0
5425;542.0
5426;637.0
5427;633.0
5428;609.0
5429;608.0
5430;583.0
5431;557.0
5432;628.0
5433;557.0
5434;617.0
5435;456.0
5436;614.0
5437;626.0
5438;627.0
5439;620.0
5440;566.0
5441;558.0
5442;685.0
5443;482.0
5444;570.0
5445;586.0
5446;639.0
5447;630.0
5448;565.0
5449;615.0
5450;619.0
5451;639.0
5452;577.0
5453;611.0
5454;566.0
5455;563.0
5456;619.0
5457;557.0
5458;561.0
5459;639.0
5460;560.0
5461;626.0
5462;639.0
5463;657.0
5464;616.0
5465;576.0
5466;566.0
5467;626.0
5468;571.0
5469;624.0
5470;564.0
5471;564.0
5472;562.0
5473;632.0
5474;650.0
5475;511.0
5476;565.0
5477;632.0
5478;637.0
5479;624.0
5480;625.0
5481;618.0
5482;646.0
5483;566.0
5484;641.0
5485;631.0
5486;571.0
5487;644.0
5488;565.0
5489;645.0
5490;624.0
5491;630.0
5492;620.0
5493;625.0
5494;629.0
5495;626.0
5496;635.0
5497;581.0
5498;656.0
5499;577.0
5500;623.0
5501;578.0
5502;634.0
5503;563.0
5504;685.0
5505;569.0
5506;577.0
5507;570.0
5508;634.0
5509;631.0
5510;636.0
5511;667.0
5512;631.0
5513;625.0
5514;642.0
5515;565.0
5516;570.0
5517;635.0
5518;572.0
5519;643.0
5520;646.0
5521;660.0
5522;664.0
5523;656.0
5524;670.0
5525;629.0
5526;636.0
5527;651.0
5528;582.0
5529;652.0
5530;656.0
5531;668.0
5532;642.0
5533;622.0
5534;646.0
5535;626.0
5536;493.0
5537;570.0
5538;639.0
5539;630.0
5540;627.0
5541;584.0
5542;639.0
5543;640.0
5544;629.0
5545;579.0
5546;672.0
5547;637.0
5548;657.0
5549;647.0
5550;638.0
5551;655.0
5552;669.0
5553;647.0
5554;581.0
5555;603.0
5556;636.0
5557;629.0
5558;578.0
5559;660.0
5560;583.0
5561;577.0
5562;650.0
5563;646.0
5564;645.0
5565;591.0
5566;643.0
5567;591.0
5568;579.0
5569;584.0
5570;638.0
5571;657.0
5572;637.0
5573;647.0
5574;692.0
5575;640.0
5576;648.0
5577;647.0
5578;547.0
5579;595.0
5580;684.0
5581;634.0
5582;659.0
5583;650.0
5584;595.0
5585;673.0
5586;582.0
5587;674.0
5588;612.0
5589;599.0
5590;709.0
5591;672.0
5592;665.0
5593;582.0
5594;610.0
5595;671.0
5596;659.0
5597;681.0
5598;590.0
5599;634.0
5600;649.0
5601;594.0
5602;660.0
5603;588.0
5604;649.0
5605;656.0
5606;584.0
5607;590.0
5608;650.0
5609;648.0
5610;583.0
5611;646.0
5612;663.0
5613;585.0
5614;523.0
5615;680.0
5616;651.0
5617;661.0
5618;595.0
5619;663.0
5620;649.0
5621;700.0
5622;683.0
5623;668.0
5624;592.0
5625;588.0
5626;590.0
5627;652.0
5628;595.0
5629;645.0
5630;705.0
5631;654.0
5632;695.0
5633;601.0
5634;656.0
5635;650.0
5636;595.0
5637;594.0
5638;603.0
5639;664.0
5640;598.0
5641;660.0
5642;602.0
5643;599.0
5644;597.0
5645;676.0
5646;551.0
5647;660.0
5648;588.0
5649;658.0
5650;640.0
5651;666.0
5652;601.0
5653;653.0
5654;681.0
5655;664.0
5656;609.0
5657;671.0
5658;594.0
5659;678.0
5660;590.0
5661;551.0
5662;597.0
5663;671.0
5664;677.0
5665;688.0
5666;614.0
5667;608.0
5668;611.0
5669;668.0
5670;708.0
5671;610.0
5672;635.0
5673;663.0
5674;600.0
5675;598.0
5676;606.0
5677;677.0
5678;604.0
5679;688.0
5680;598.0
5681;660.0
5682;643.0
5683;608.0
5684;678.0
5685;681.0
5686;625.0
5687;608.0
5688;674.0
5689;662.0
5690;667.0
5691;602.0
5692;662.0
5693;600.0
5694;673.0
5695;692.0
5696;611.0
5697;709.0
5698;689.0
5699;594.0
5700;712.0
5701;699.0
5702;682.0
5703;666.0
5704;602.0
5705;631.0
5706;603.0
5707;611.0
5708;609.0
5709;611.0
5710;617.0
5711;678.0
5712;629.0
5713;558.0
5714;605.0
5715;534.0
5716;612.0
5717;665.0
5718;622.0
5719;704.0
5720;679.0
5721;678.0
5722;701.0
5723;695.0
5724;675.0
5725;695.0
5726;680.0
5727;620.0
5728;678.0
5729;610.0
5730;738.0
5731;668.0
5732;633.0
5733;612.0
5734;618.0
5735;620.0
5736;628.0
5737;608.0
5738;614.0
5739;613.0
5740;608.0
5741;605.0
5742;588.0
5743;619.0
5744;687.0
5745;690.0
5746;619.0
5747;606.0
5748;606.0
5749;629.0
5750;528.0
5751;676.0
5752;679.0
5753;689.0
5754;696.0
5755;715.0
5756;623.0
5757;699.0
5758;694.0
5759;612.0
5760;716.0
5761;710.0
5762;701.0
5763;610.0
5764;701.0
5765;680.0
5766;724.0
5767;616.0
5768;676.0
5769;712.0
5770;619.0
5771;605.0
5772;624.0
5773;704.0
5774;680.0
5775;681.0
5776;675.0
5777;710.0
5778;682.0
5779;609.0
5780;700.0
5781;690.0
5782;686.0
5783;616.0
5784;692.0
5785;683.0
5786;684.0
5787;623.0
5788;637.0
5789;691.0
5790;637.0
5791;628.0
5792;624.0
5793;697.0
5794;755.0
5795;701.0
5796;717.0
5797;698.0
5798;683.0
5799;699.0
5800;691.0
5801;624.0
5802;612.0
5803;598.0
5804;466.0
5805;618.0
5806;619.0
5807;642.0
5808;685.0
5809;625.0
5810;618.0
5811;699.0
5812;737.0
5813;706.0
5814;691.0
5815;637.0
5816;731.0
5817;634.0
5818;698.0
5819;637.0
5820;712.0
5821;708.0
5822;684.0
5823;628.0
5824;690.0
5825;712.0
5826;629.0
5827;626.0
5828;710.0
5829;649.0
5830;652.0
5831;680.0
5832;697.0
5833;686.0
5834;709.0
5835;632.0
5836;631.0
5837;623.0
5838;627.0
5839;642.0
5840;687.0
5841;724.0
5842;703.0
5843;640.0
5844;732.0
5845;703.0
5846;695.0
5847;705.0
5848;640.0
5849;686.0
5850;741.0
5851;627.0
5852;711.0
5853;644.0
5854;652.0
5855;639.0
5856;650.0
5857;729.0
5858;702.0
5859;645.0
5860;639.0
5861;637.0
5862;699.0
5863;698.0
5864;699.0
5865;721.0
5866;668.0
5867;643.0
5868;722.0
5869;649.0
5870;639.0
5871;713.0
5872;643.0
5873;587.0
5874;759.0
5875;684.0
5876;716.0
5877;722.0
5878;694.0
5879;712.0
5880;694.0
5881;738.0
5882;638.0
5883;647.0
5884;703.0
5885;643.0
5886;644.0
5887;647.0
5888;714.0
5889;716.0
5890;713.0
5891;712.0
5892;739.0
5893;713.0
5894;701.0
5895;642.0
5896;649.0
5897;652.0
5898;732.0
5899;726.0
5900;721.0
5901;651.0
5902;714.0
5903;642.0
5904;636.0
5905;708.0
5906;700.0
5907;645.0
5908;718.0
5909;714.0
5910;718.0
5911;735.0
5912;709.0
5913;736.0
5914;718.0
5915;715.0
5916;649.0
5917;718.0
5918;735.0
5919;723.0
5920;646.0
5921;704.0
5922;645.0
5923;641.0
5924;709.0
5925;644.0
5926;706.0
5927;643.0
5928;736.0
5929;702.0
5930;741.0
5931;660.0
5932;654.0
5933;585.0
5934;739.0
5935;730.0
5936;727.0
5937;722.0
5938;641.0
5939;737.0
5940;667.0
5941;652.0
5942;738.0
5943;640.0
5944;629.0
5945;678.0
5946;740.0
5947;739.0
5948;739.0
5949;662.0
5950;728.0
5951;660.0
5952;749.0
5953;725.0
5954;685.0
5955;670.0
5956;726.0
5957;750.0
5958;661.0
5959;665.0
5960;664.0
5961;748.0
5962;657.0
5963;733.0
5964;733.0
5965;647.0
5966;648.0
5967;711.0
5968;731.0
5969;733.0
5970;662.0
5971;733.0
5972;673.0
5973;760.0
5974;759.0
5975;528.0
5976;687.0
5977;662.0
5978;754.0
5979;725.0
5980;725.0
5981;753.0
5982;663.0
5983;734.0
5984;715.0
5985;723.0
5986;723.0
5987;735.0
5988;669.0
5989;652.0
5990;769.0
5991;754.0
5992;748.0
5993;670.0
5994;749.0
5995;748.0
5996;669.0
5997;740.0
5998;719.0
5999;732.0
6000;729.0
6001;721.0
6002;490.0
6003;665.0
6004;666.0
6005;740.0
6006;762.0
6007;661.0
6008;656.0
6009;675.0
6010;732.0
6011;677.0
6012;660.0
6013;725.0
6014;759.0
6015;662.0
6016;720.0
6017;717.0
6018;674.0
6019;737.0
6020;744.0
6021;745.0
6022;729.0
6023;667.0
6024;733.0
6025;735.0
6026;768.0
6027;671.0
6028;594.0
6029;678.0
6030;728.0
6031;674.0
6032;679.0
6033;840.0
6034;759.0
6035;659.0
6036;735.0
6037;670.0
6038;730.0
6039;645.0
6040;751.0
6041;728.0
6042;736.0
6043;760.0
6044;741.0
6045;724.0
6046;736.0
6047;667.0
6048;686.0
6049;740.0
6050;756.0
6051;749.0
6052;660.0
6053;677.0
6054;724.0
6055;747.0
6056;667.0
6057;670.0
6058;661.0
6059;763.0
6060;670.0
6061;682.0
6062;679.0
6063;753.0
6064;692.0
6065;672.0
6066;696.0
6067;748.0
6068;754.0
6069;821.0
6070;677.0
6071;732.0
6072;689.0
6073;739.0
6074;679.0
6075;672.0
6076;760.0
6077;743.0
6078;755.0
6079;689.0
6080;749.0
6081;697.0
6082;781.0
6083;823.0
6084;679.0
6085;733.0
6086;679.0
6087;748.0
6088;678.0
6089;762.0
6090;731.0
6091;684.0
6092;756.0
6093;682.0
6094;685.0
6095;676.0
6096;678.0
6097;693.0
6098;568.0
6099;683.0
6100;747.0
6101;746.0
6102;760.0
6103;764.0
6104;794.0
6105;682.0
6106;719.0
6107;773.0
6108;672.0
6109;742.0
6110;692.0
6111;692.0
6112;684.0
6113;694.0
6114;677.0
6115;740.0
6116;804.0
6117;749.0
6118;740.0
6119;677.0
6120;736.0
6121;779.0
6122;760.0
6123;671.0
6124;682.0
6125;758.0
6126;693.0
6127;793.0
6128;784.0
6129;740.0
6130;782.0
6131;780.0
6132;699.0
6133;752.0
6134;759.0
6135;760.0
6136;692.0
6137;690.0
6138;703.0
6139;687.0
6140;713.0
6141;775.0
6142;694.0
6143;690.0
6144;691.0
6145;776.0
6146;761.0
6147;685.0
6148;775.0
6149;766.0
6150;808.0
6151;761.0
6152;747.0
6153;504.0
6154;691.0
6155;775.0
6156;697.0
6157;626.0
6158;693.0
6159;691.0
6160;688.0
6161;713.0
6162;694.0
6163;783.0
6164;724.0
6165;689.0
6166;767.0
6167;764.0
6168;705.0
6169;781.0
6170;689.0
6171;725.0
6172;712.0
6173;693.0
6174;780.0
6175;788.0
6176;793.0
6177;803.0
6178;700.0
6179;819.0
6180;796.0
6181;804.0
6182;807.0
6183;684.0
6184;713.0
6185;801.0
6186;693.0
6187;704.0
6188;789.0
6189;704.0
6190;790.0
6191;566.0
6192;696.0
6193;799.0
6194;782.0
6195;798.0
6196;785.0
6197;750.0
6198;705.0
6199;702.0
6200;702.0
6201;716.0
6202;698.0
6203;729.0
6204;762.0
6205;704.0
6206;706.0
6207;719.0
6208;761.0
6209;782.0
6210;773.0
6211;760.0
6212;698.0
6213;690.0
6214;720.0
6215;789.0
6216;704.0
6217;737.0
6218;731.0
6219;699.0
6220;716.0
6221;794.0
6222;810.0
6223;713.0
6224;772.0
6225;803.0
6226;781.0
6227;785.0
6228;711.0
6229;774.0
6230;765.0
6231;706.0
6232;796.0
6233;710.0
6234;801.0
6235;793.0
6236;512.0
6237;726.0
6238;771.0
6239;724.0
6240;707.0
6241;783.0
6242;720.0
6243;719.0
6244;593.0
6245;714.0
6246;783.0
6247;696.0
6248;702.0
6249;628.0
6250;752.0
6251;804.0
6252;815.0
6253;714.0
6254;807.0
6255;805.0
6256;826.0
6257;735.0
6258;794.0
6259;711.0
6260;704.0
6261;784.0
6262;815.0
6263;788.0
6264;712.0
6265;796.0
6266;714.0
6267;782.0
6268;803.0
6269;808.0
6270;879.0
6271;788.0
6272;789.0
6273;799.0
6274;809.0
6275;721.0
6276;789.0
6277;838.0
6278;799.0
6279;817.0
6280;816.0
6281;721.0
6282;831.0
6283;813.0
6284;789.0
6285;729.0
6286;714.0
6287;828.0
6288;833.0
6289;810.0
6290;713.0
6291;783.0
6292;808.0
6293;739.0
6294;791.0
6295;725.0
6296;708.0
6297;830.0
6298;835.0
6299;804.0
6300;721.0
6301;818.0
6302;753.0
6303;735.0
6304;716.0
6305;800.0
6306;823.0
6307;718.0
6308;729.0
6309;812.0
6310;821.0
6311;737.0
6312;716.0
6313;722.0
6314;729.0
6315;832.0
6316;727.0
6317;723.0
6318;714.0
6319;827.0
6320;796.0
6321;727.0
6322;801.0
6323;724.0
6324;824.0
6325;803.0
6326;837.0
6327;841.0
6328;806.0
6329;724.0
6330;797.0
6331;816.0
6332;738.0
6333;799.0
6334;733.0
6335;722.0
6336;795.0
6337;732.0
6338;734.0
6339;736.0
6340;731.0
6341;729.0
6342;805.0
6343;741.0
6344;734.0
6345;735.0
6346;746.0
6347;800.0
6348;646.0
6349;719.0
6350;748.0
6351;746.0
6352;743.0
6353;730.0
6354;829.0
6355;798.0
6356;747.0
6357;732.0
6358;842.0
6359;744.0
6360;820.0
6361;804.0
6362;814.0
6363;744.0
6364;735.0
6365;723.0
6366;733.0
6367;841.0
6368;819.0
6369;734.0
6370;717.0
6371;803.0
6372;730.0
6373;810.0
6374;729.0
6375;762.0
6376;729.0
6377;754.0
6378;737.0
6379;798.0
6380;822.0
6381;738.0
6382;812.0
6383;614.0
6384;845.0
6385;835.0
6386;820.0
6387;749.0
6388;805.0
6389;803.0
6390;739.0
6391;842.0
6392;734.0
6393;740.0
6394;690.0
6395;817.0
6396;733.0
6397;807.0
6398;815.0
6399;740.0
6400;754.0
6401;817.0
6402;848.0
6403;737.0
6404;824.0
6405;766.0
6406;861.0
6407;829.0
6408;847.0
6409;829.0
6410;770.0
6411;747.0
6412;843.0
6413;823.0
6414;755.0
6415;739.0
6416;737.0
6417;744.0
6418;855.0
6419;818.0
6420;739.0
6421;609.0
6422;825.0
6423;814.0
6424;744.0
6425;751.0
6426;822.0
6427;753.0
6428;761.0
6429;849.0
6430;730.0
6431;829.0
6432;869.0
6433;861.0
6434;766.0
6435;883.0
6436;820.0
6437;820.0
6438;871.0
6439;741.0
6440;744.0
6441;749.0
6442;751.0
6443;749.0
6444;833.0
6445;901.0
6446;873.0
6447;809.0
6448;741.0
6449;759.0
6450;886.0
6451;852.0
6452;874.0
6453;827.0
6454;764.0
6455;676.0
6456;849.0
6457;854.0
6458;751.0
6459;755.0
6460;771.0
6461;784.0
6462;830.0
6463;760.0
6464;761.0
6465;847.0
6466;757.0
6467;833.0
6468;748.0
6469;749.0
6470;750.0
6471;839.0
6472;759.0
6473;880.0
6474;757.0
6475;840.0
6476;679.0
6477;844.0
6478;755.0
6479;832.0
6480;855.0
6481;686.0
6482;765.0
6483;845.0
6484;751.0
6485;844.0
6486;765.0
6487;771.0
6488;755.0
6489;856.0
6490;798.0
6491;752.0
6492;840.0
6493;877.0
6494;871.0
6495;778.0
6496;767.0
6497;843.0
6498;893.0
6499;799.0
6500;760.0
6501;781.0
6502;755.0
6503;768.0
6504;836.0
6505;765.0
6506;832.0
6507;881.0
6508;854.0
6509;864.0
6510;760.0
6511;894.0
6512;763.0
6513;794.0
6514;863.0
6515;785.0
6516;858.0
6517;754.0
6518;783.0
6519;873.0
6520;765.0
6521;670.0
6522;871.0
6523;775.0
6524;762.0
6525;776.0
6526;758.0
6527;871.0
6528;837.0
6529;764.0
6530;868.0
6531;882.0
6532;760.0
6533;840.0
6534;854.0
6535;799.0
6536;865.0
6537;856.0
6538;766.0
6539;786.0
6540;774.0
6541;863.0
6542;863.0
6543;787.0
6544;776.0
6545;786.0
6546;767.0
6547;857.0
6548;765.0
6549;776.0
6550;770.0
6551;785.0
6552;644.0
6553;772.0
6554;764.0
6555;780.0
6556;850.0
6557;793.0
6558;870.0
6559;769.0
6560;887.0
6561;776.0
6562;855.0
6563;849.0
6564;760.0
6565;764.0
6566;883.0
6567;892.0
6568;776.0
6569;787.0
6570;893.0
6571;774.0
6572;894.0
6573;798.0
6574;908.0
6575;787.0
6576;786.0
6577;777.0
6578;886.0
6579;819.0
6580;774.0
6581;865.0
6582;778.0
6583;881.0
6584;876.0
6585;777.0
6586;783.0
6587;862.0
6588;805.0
6589;775.0
6590;909.0
6591;810.0
6592;899.0
6593;801.0
6594;774.0
6595;787.0
6596;801.0
6597;792.0
6598;797.0
6599;779.0
6600;892.0
6601;877.0
6602;802.0
6603;785.0
6604;799.0
6605;792.0
6606;803.0
6607;672.0
6608;867.0
6609;778.0
6610;897.0
6611;913.0
6612;802.0
6613;788.0
6614;793.0
6615;818.0
6616;779.0
6617;786.0
6618;777.0
6619;779.0
6620;894.0
6621;795.0
6622;812.0
6623;892.0
6624;914.0
6625;804.0
6626;788.0
6627;871.0
6628;799.0
6629;879.0
6630;801.0
6631;813.0
6632;788.0
6633;793.0
6634;797.0
6635;798.0
6636;934.0
6637;865.0
6638;798.0
6639;787.0
6640;903.0
6641;883.0
6642;896.0
6643;801.0
6644;799.0
6645;781.0
6646;797.0
6647;800.0
6648;876.0
6649;862.0
6650;794.0
6651;883.0
6652;807.0
6653;791.0
6654;838.0
6655;879.0
6656;791.0
6657;922.0
6658;842.0
6659;806.0
6660;801.0
6661;791.0
6662;912.0
6663;931.0
6664;790.0
6665;898.0
6666;901.0
6667;802.0
6668;656.0
6669;804.0
6670;818.0
6671;874.0
6672;917.0
6673;897.0
6674;895.0
6675;888.0
6676;874.0
6677;805.0
6678;793.0
6679;876.0
6680;898.0
6681;800.0
6682;823.0
6683;887.0
6684;802.0
6685;798.0
6686;926.0
6687;873.0
6688;844.0
6689;801.0
6690;930.0
6691;817.0
6692;704.0
6693;888.0
6694;805.0
6695;817.0
6696;997.0
6697;809.0
6698;877.0
6699;910.0
6700;925.0
6701;917.0
6702;817.0
6703;825.0
6704;912.0
6705;806.0
6706;799.0
6707;815.0
6708;925.0
6709;806.0
6710;825.0
6711;897.0
6712;822.0
6713;916.0
6714;807.0
6715;941.0
6716;931.0
6717;832.0
6718;690.0
6719;808.0
6720;908.0
6721;887.0
6722;874.0
6723;811.0
6724;823.0
6725;934.0
6726;949.0
6727;801.0
6728;929.0
6729;890.0
6730;822.0
6731;963.0
6732;705.0
6733;940.0
6734;902.0
6735;974.0
6736;822.0
6737;815.0
6738;921.0
6739;815.0
6740;814.0
6741;818.0
6742;914.0
6743;910.0
6744;804.0
6745;918.0
6746;906.0
6747;967.0
6748;882.0
6749;897.0
6750;849.0
6751;813.0
6752;847.0
6753;924.0
6754;810.0
6755;837.0
6756;831.0
6757;926.0
6758;805.0
6759;906.0
6760;925.0
6761;821.0
6762;823.0
6763;828.0
6764;837.0
6765;818.0
6766;668.0
6767;823.0
6768;828.0
6769;831.0
6770;917.0
6771;934.0
6772;820.0
6773;923.0
6774;816.0
6775;926.0
6776;837.0
6777;858.0
6778;904.0
6779;826.0
6780;828.0
6781;814.0
6782;925.0
6783;923.0
6784;873.0
6785;918.0
6786;825.0
6787;937.0
6788;844.0
6789;961.0
6790;822.0
6791;825.0
6792;935.0
6793;820.0
6794;829.0
6795;858.0
6796;927.0
6797;824.0
6798;822.0
6799;834.0
6800;921.0
6801;826.0
6802;820.0
6803;836.0
6804;935.0
6805;946.0
6806;831.0
6807;947.0
6808;839.0
6809;833.0
6810;836.0
6811;911.0
6812;826.0
6813;808.0
6814;838.0
6815;844.0
6816;825.0
6817;835.0
6818;833.0
6819;930.0
6820;840.0
6821;915.0
6822;939.0
6823;837.0
6824;926.0
6825;959.0
6826;951.0
6827;828.0
6828;833.0
6829;920.0
6830;838.0
6831;908.0
6832;965.0
6833;843.0
6834;827.0
6835;844.0
6836;978.0
6837;860.0
6838;876.0
6839;934.0
6840;941.0
6841;831.0
6842;929.0
6843;1038.0
6844;836.0
6845;955.0
6846;837.0
6847;835.0
6848;846.0
6849;838.0
6850;834.0
6851;824.0
6852;933.0
6853;944.0
6854;844.0
6855;841.0
6856;946.0
6857;866.0
6858;858.0
6859;930.0
6860;845.0
6861;930.0
6862;940.0
6863;1032.0
6864;842.0
6865;859.0
6866;859.0
6867;839.0
6868;840.0
6869;921.0
6870;845.0
6871;863.0
6872;841.0
6873;924.0
6874;855.0
6875;903.0
6876;915.0
6877;957.0
6878;933.0
6879;851.0
6880;834.0
6881;803.0
6882;943.0
6883;966.0
6884;837.0
6885;845.0
6886;925.0
6887;857.0
6888;962.0
6889;878.0
6890;853.0
6891;837.0
6892;854.0
6893;976.0
6894;846.0
6895;848.0
6896;851.0
6897;992.0
6898;870.0
6899;845.0
6900;971.0
6901;855.0
6902;857.0
6903;974.0
6904;870.0
6905;951.0
6906;966.0
6907;866.0
6908;985.0
6909;844.0
6910;849.0
6911;857.0
6912;848.0
6913;867.0
6914;851.0
6915;844.0
6916;853.0
6917;971.0
6918;843.0
6919;951.0
6920;854.0
6921;878.0
6922;848.0
6923;862.0
6924;865.0
6925;863.0
6926;853.0
6927;954.0
6928;864.0
6929;857.0
6930;847.0
6931;1020.0
6932;917.0
6933;970.0
6934;856.0
6935;856.0
6936;925.0
6937;870.0
6938;938.0
6939;947.0
6940;856.0
6941;843.0
6942;952.0
6943;961.0
6944;866.0
6945;863.0
6946;901.0
6947;881.0
6948;972.0
6949;956.0
6950;913.0
6951;899.0
6952;950.0
6953;868.0
6954;861.0
6955;870.0
6956;863.0
6957;875.0
6958;859.0
6959;861.0
6960;877.0
6961;974.0
6962;890.0
6963;864.0
6964;941.0
6965;874.0
6966;990.0
6967;988.0
6968;955.0
6969;863.0
6970;884.0
6971;859.0
6972;866.0
6973;833.0
6974;974.0
6975;859.0
6976;857.0
6977;986.0
6978;868.0
6979;858.0
6980;962.0
6981;857.0
6982;974.0
6983;977.0
6984;968.0
6985;875.0
6986;867.0
6987;983.0
6988;980.0
6989;897.0
6990;868.0
6991;885.0
6992;967.0
6993;948.0
6994;913.0
6995;1040.0
6996;883.0
6997;1008.0
6998;964.0
6999;882.0
7000;880.0
7001;990.0
7002;933.0
7003;992.0
7004;963.0
7005;988.0
7006;908.0
7007;966.0
7008;860.0
7009;988.0
7010;987.0
7011;899.0
7012;978.0
7013;859.0
7014;889.0
7015;887.0
7016;892.0
7017;869.0
7018;847.0
7019;876.0
7020;961.0
7021;865.0
7022;873.0
7023;865.0
7024;968.0
7025;862.0
7026;870.0
7027;969.0
7028;981.0
7029;889.0
7030;880.0
7031;688.0
7032;971.0
7033;883.0
7034;1025.0
7035;892.0
7036;876.0
7037;878.0
7038;958.0
7039;723.0
7040;977.0
7041;961.0
7042;904.0
7043;891.0
7044;906.0
7045;914.0
7046;974.0
7047;886.0
7048;966.0
7049;887.0
7050;878.0
7051;950.0
7052;969.0
7053;878.0
7054;903.0
7055;889.0
7056;901.0
7057;996.0
7058;881.0
7059;968.0
7060;1010.0
7061;976.0
7062;962.0
7063;979.0
7064;1018.0
7065;896.0
7066;892.0
7067;902.0
7068;974.0
7069;861.0
7070;889.0
7071;992.0
7072;886.0
7073;961.0
7074;963.0
7075;890.0
7076;977.0
7077;899.0
7078;889.0
7079;887.0
7080;873.0
7081;893.0
7082;998.0
7083;1001.0
7084;1006.0
7085;903.0
7086;885.0
7087;885.0
7088;889.0
7089;884.0
7090;903.0
7091;990.0
7092;901.0
7093;999.0
7094;985.0
7095;888.0
7096;894.0
7097;1005.0
7098;885.0
7099;902.0
7100;1005.0
7101;910.0
7102;907.0
7103;965.0
7104;901.0
7105;899.0
7106;905.0
7107;895.0
7108;914.0
7109;888.0
7110;1018.0
7111;1007.0
7112;974.0
7113;973.0
7114;890.0
7115;1025.0
7116;1005.0
7117;917.0
7118;898.0
7119;903.0
7120;903.0
7121;917.0
7122;906.0
7123;891.0
7124;1015.0
7125;902.0
7126;905.0
7127;1027.0
7128;921.0
7129;903.0
7130;899.0
7131;1003.0
7132;888.0
7133;922.0
7134;921.0
7135;924.0
7136;1017.0
7137;993.0
7138;908.0
7139;907.0
7140;892.0
7141;997.0
7142;893.0
7143;1004.0
7144;900.0
7145;911.0
7146;991.0
7147;1021.0
7148;915.0
7149;969.0
7150;917.0
7151;1057.0
7152;896.0
7153;990.0
7154;995.0
7155;918.0
7156;919.0
7157;993.0
7158;918.0
7159;948.0
7160;904.0
7161;902.0
7162;910.0
7163;902.0
7164;909.0
7165;993.0
7166;944.0
7167;1124.0
7168;893.0
7169;910.0
7170;928.0
7171;918.0
7172;1069.0
7173;908.0
7174;1029.0
7175;898.0
7176;912.0
7177;910.0
7178;1030.0
7179;925.0
7180;907.0
7181;1022.0
7182;1021.0
7183;926.0
7184;1029.0
7185;1036.0
7186;927.0
7187;923.0
7188;926.0
7189;1049.0
7190;911.0
7191;1053.0
7192;905.0
7193;1001.0
7194;917.0
7195;1028.0
7196;922.0
7197;1023.0
7198;910.0
7199;1025.0
7200;917.0
7201;921.0
7202;927.0
7203;1051.0
7204;1022.0
7205;1003.0
7206;932.0
7207;1035.0
7208;1050.0
7209;920.0
7210;1061.0
7211;784.0
7212;1029.0
7213;921.0
7214;905.0
7215;909.0
7216;1146.0
7217;1029.0
7218;909.0
7219;977.0
7220;910.0
7221;1001.0
7222;921.0
7223;1014.0
7224;931.0
7225;1064.0
7226;919.0
7227;1035.0
7228;1023.0
7229;924.0
7230;1045.0
7231;1005.0
7232;927.0
7233;1041.0
7234;1059.0
7235;936.0
7236;1077.0
7237;1036.0
7238;950.0
7239;927.0
7240;804.0
7241;944.0
7242;937.0
7243;933.0
7244;1009.0
7245;958.0
7246;1113.0
7247;953.0
7248;1012.0
7249;1040.0
7250;1047.0
7251;921.0
7252;936.0
7253;1081.0
7254;926.0
7255;1012.0
7256;935.0
7257;927.0
7258;932.0
7259;996.0
7260;961.0
7261;1033.0
7262;936.0
7263;927.0
7264;958.0
7265;957.0
7266;954.0
7267;936.0
7268;765.0
7269;1037.0
7270;969.0
7271;960.0
7272;1101.0
7273;1021.0
7274;920.0
7275;920.0
7276;922.0
7277;927.0
7278;1076.0
7279;919.0
7280;1042.0
7281;1022.0
7282;933.0
7283;932.0
7284;1038.0
7285;951.0
7286;954.0
7287;942.0
7288;934.0
7289;936.0
7290;1073.0
7291;961.0
7292;949.0
7293;1046.0
7294;931.0
7295;1089.0
7296;1125.0
7297;929.0
7298;925.0
7299;935.0
7300;1025.0
7301;948.0
7302;947.0
7303;1014.0
7304;1009.0
7305;948.0
7306;943.0
7307;745.0
7308;1018.0
7309;1037.0
7310;942.0
7311;1090.0
7312;943.0
7313;947.0
7314;857.0
7315;949.0
7316;985.0
7317;937.0
7318;1068.0
7319;949.0
7320;954.0
7321;1046.0
7322;947.0
7323;961.0
7324;1010.0
7325;1038.0
7326;1044.0
7327;1115.0
7328;1091.0
7329;971.0
7330;930.0
7331;948.0
7332;941.0
7333;1081.0
7334;966.0
7335;940.0
7336;977.0
7337;980.0
7338;944.0
7339;1081.0
7340;941.0
7341;1070.0
7342;962.0
7343;1087.0
7344;941.0
7345;944.0
7346;950.0
7347;1045.0
7348;971.0
7349;952.0
7350;1099.0
7351;958.0
7352;956.0
7353;947.0
7354;952.0
7355;933.0
7356;1063.0
7357;1091.0
7358;948.0
7359;974.0
7360;991.0
7361;1073.0
7362;1065.0
7363;1064.0
7364;1036.0
7365;955.0
7366;969.0
7367;960.0
7368;1073.0
7369;978.0
7370;1093.0
7371;995.0
7372;965.0
7373;960.0
7374;955.0
7375;1077.0
7376;1027.0
7377;1037.0
7378;977.0
7379;1088.0
7380;970.0
7381;1047.0
7382;1061.0
7383;1063.0
7384;1072.0
7385;1052.0
7386;967.0
7387;1103.0
7388;961.0
7389;808.0
7390;949.0
7391;1062.0
7392;978.0
7393;971.0
7394;961.0
7395;957.0
7396;962.0
7397;1067.0
7398;972.0
7399;1076.0
7400;969.0
7401;1077.0
7402;956.0
7403;964.0
7404;993.0
7405;960.0
7406;971.0
7407;963.0
7408;966.0
7409;965.0
7410;965.0
7411;1057.0
7412;964.0
7413;974.0
7414;1049.0
7415;1066.0
7416;961.0
7417;1047.0
7418;1096.0
7419;1018.0
7420;982.0
7421;963.0
7422;1094.0
7423;972.0
7424;972.0
7425;1063.0
7426;1043.0
7427;967.0
7428;978.0
7429;985.0
7430;976.0
7431;979.0
7432;975.0
7433;979.0
7434;981.0
7435;996.0
7436;982.0
7437;979.0
7438;961.0
7439;996.0
7440;980.0
7441;964.0
7442;965.0
7443;986.0
7444;980.0
7445;1089.0
7446;975.0
7447;971.0
7448;972.0
7449;983.0
7450;973.0
7451;981.0
7452;969.0
7453;971.0
7454;998.0
7455;987.0
7456;989.0
7457;993.0
7458;980.0
7459;985.0
7460;1004.0
7461;991.0
7462;1009.0
7463;977.0
7464;994.0
7465;971.0
7466;973.0
7467;989.0
7468;992.0
7469;988.0
7470;979.0
7471;975.0
7472;972.0
7473;971.0
7474;979.0
7475;980.0
7476;1013.0
7477;975.0
7478;1019.0
7479;1005.0
7480;1039.0
7481;994.0
7482;995.0
7483;996.0
7484;984.0
7485;788.0
7486;994.0
7487;992.0
7488;1011.0
7489;1019.0
7490;990.0
7491;1053.0
7492;1009.0
7493;977.0
7494;980.0
7495;995.0
7496;991.0
7497;986.0
7498;980.0
7499;1088.0
7500;993.0
7501;1010.0
7502;1007.0
7503;985.0
7504;1032.0
7505;993.0
7506;1014.0
7507;979.0
7508;999.0
7509;1000.0
7510;1015.0
7511;1013.0
7512;999.0
7513;994.0
7514;998.0
7515;866.0
7516;992.0
7517;1000.0
7518;975.0
7519;982.0
7520;1003.0
7521;789.0
7522;1003.0
7523;988.0
7524;1013.0
7525;1000.0
7526;825.0
7527;1005.0
7528;985.0
7529;1007.0
7530;1053.0
7531;1017.0
7532;1060.0
7533;991.0
7534;993.0
7535;1011.0
7536;1003.0
7537;1121.0
7538;1019.0
7539;1001.0
7540;1008.0
7541;999.0
7542;1014.0
7543;1021.0
7544;1016.0
7545;1014.0
7546;1017.0
7547;998.0
7548;1012.0
7549;1052.0
7550;998.0
7551;985.0
7552;998.0
7553;1017.0
7554;1015.0
7555;1006.0
7556;1011.0
7557;1000.0
7558;994.0
7559;1008.0
7560;1042.0
7561;1001.0
7562;1015.0
7563;1010.0
7564;1000.0
7565;1039.0
7566;1007.0
7567;1029.0
7568;1025.0
7569;1043.0
7570;992.0
7571;1010.0
7572;1005.0
7573;995.0
7574;1009.0
7575;1003.0
7576;1003.0
7577;1001.0
7578;1002.0
7579;1012.0
7580;1017.0
7581;1113.0
7582;1007.0
7583;1016.0
7584;1010.0
7585;1012.0
7586;1008.0
7587;1007.0
7588;1027.0
7589;1014.0
7590;1002.0
7591;1028.0
7592;1011.0
7593;1008.0
7594;1020.0
7595;1008.0
7596;1013.0
7597;1022.0
7598;1021.0
7599;1013.0
7600;1007.0
7601;1033.0
7602;1010.0
7603;1014.0
7604;1020.0
7605;1015.0
7606;1054.0
7607;923.0
7608;1014.0
7609;1014.0
7610;1028.0
7611;1022.0
7612;1022.0
7613;1054.0
7614;1005.0
7615;1024.0
7616;1017.0
7617;1020.0
7618;1013.0
7619;1019.0
7620;1083.0
7621;1017.0
7622;1019.0
7623;1030.0
7624;1014.0
7625;1029.0
7626;1016.0
7627;790.0
7628;1031.0
7629;1020.0
7630;1022.0
7631;1055.0
7632;1036.0
7633;1048.0
7634;1032.0
7635;883.0
7636;1070.0
7637;1034.0
7638;1052.0
7639;1024.0
7640;1032.0
7641;1030.0
7642;1061.0
7643;1036.0
7644;1075.0
7645;1037.0
7646;1008.0
7647;1013.0
7648;1030.0
7649;1033.0
7650;1040.0
7651;1009.0
7652;838.0
7653;1038.0
7654;1012.0
7655;1031.0
7656;1029.0
7657;1051.0
7658;1023.0
7659;1025.0
7660;1021.0
7661;1077.0
7662;1031.0
7663;1040.0
7664;1032.0
7665;1031.0
7666;1018.0
7667;1041.0
7668;1033.0
7669;1042.0
7670;769.0
7671;1026.0
7672;1041.0
7673;1023.0
7674;1032.0
7675;1025.0
7676;1038.0
7677;1041.0
7678;1029.0
7679;1028.0
7680;1037.0
7681;1030.0
7682;1111.0
7683;1041.0
7684;1047.0
7685;1048.0
7686;1064.0
7687;1037.0
7688;1054.0
7689;1034.0
7690;1033.0
7691;1064.0
7692;1033.0
7693;1050.0
7694;1044.0
7695;1052.0
7696;1040.0
7697;1052.0
7698;905.0
7699;1031.0
7700;1047.0
7701;1043.0
7702;1043.0
7703;1050.0
7704;1062.0
7705;1063.0
7706;1048.0
7707;1041.0
7708;1054.0
7709;1031.0
7710;1040.0
7711;1044.0
7712;1058.0
7713;1055.0
7714;1043.0
7715;1071.0
7716;1078.0
7717;1038.0
7718;1043.0
7719;1054.0
7720;1050.0
7721;1026.0
7722;1048.0
7723;1083.0
7724;1059.0
7725;1093.0
7726;1060.0
7727;1073.0
7728;1042.0
7729;1050.0
7730;1064.0
7731;1089.0
7732;917.0
7733;1046.0
7734;1061.0
7735;1057.0
7736;1050.0
7737;1029.0
7738;1063.0
7739;1056.0
7740;1069.0
7741;906.0
7742;1056.0
7743;1038.0
7744;1052.0
7745;1160.0
7746;1047.0
7747;1054.0
7748;1082.0
7749;1055.0
7750;940.0
7751;1070.0
7752;1067.0
7753;1052.0
7754;1060.0
7755;1064.0
7756;1044.0
7757;1054.0
7758;1089.0
7759;1062.0
7760;1066.0
7761;1059.0
7762;1079.0
7763;1048.0
7764;1046.0
7765;1073.0
7766;1060.0
7767;1082.0
7768;1037.0
7769;1056.0
7770;1079.0
7771;1164.0
7772;921.0
7773;1063.0
7774;1109.0
7775;1121.0
7776;1060.0
7777;1052.0
7778;1063.0
7779;1066.0
7780;1146.0
7781;1072.0
7782;1053.0
7783;1055.0
7784;1073.0
7785;1072.0
7786;1056.0
7787;1044.0
7788;1052.0
7789;1057.0
7790;1068.0
7791;1073.0
7792;1076.0
7793;972.0
7794;1069.0
7795;1060.0
7796;1056.0
7797;1071.0
7798;1068.0
7799;1054.0
7800;1063.0
7801;1055.0
7802;1065.0
7803;1074.0
7804;1066.0
7805;1038.0
7806;1081.0
7807;1090.0
7808;1063.0
7809;1088.0
7810;1064.0
7811;1050.0
7812;1078.0
7813;1239.0
7814;1085.0
7815;1097.0
7816;1185.0
7817;1075.0
7818;1085.0
7819;1086.0
7820;1061.0
7821;1078.0
7822;1070.0
7823;1076.0
7824;1072.0
7825;1059.0
7826;1077.0
7827;1094.0
7828;1109.0
7829;1088.0
7830;1074.0
7831;1117.0
7832;1056.0
7833;1073.0
7834;1093.0
7835;1075.0
7836;1254.0
7837;1116.0
7838;1092.0
7839;1084.0
7840;1196.0
7841;1075.0
7842;1090.0
7843;1082.0
7844;1273.0
7845;1070.0
7846;1071.0
7847;1233.0
7848;1058.0
7849;1129.0
7850;1073.0
7851;1101.0
7852;1061.0
7853;1075.0
7854;1070.0
7855;1085.0
7856;1086.0
7857;1066.0
7858;1092.0
7859;1116.0
7860;1089.0
7861;1096.0
7862;1066.0
7863;1111.0
7864;1073.0
7865;1116.0
7866;1099.0
7867;1080.0
7868;1077.0
7869;918.0
7870;1084.0
7871;1070.0
7872;1082.0
7873;1082.0
7874;1072.0
7875;1081.0
7876;1099.0
7877;1082.0
7878;1092.0
7879;1147.0
7880;1088.0
7881;1093.0
7882;1119.0
7883;1092.0
7884;1112.0
7885;1074.0
7886;1086.0
7887;1086.0
7888;1116.0
7889;1112.0
7890;1083.0
7891;1085.0
7892;1105.0
7893;1119.0
7894;1092.0
7895;955.0
7896;1095.0
7897;1132.0
7898;1082.0
7899;1091.0
7900;1085.0
7901;1210.0
7902;1096.0
7903;1108.0
7904;1110.0
7905;1103.0
7906;1087.0
7907;1096.0
7908;1091.0
7909;1082.0
7910;1090.0
7911;1232.0
7912;1099.0
7913;1088.0
7914;1093.0
7915;1089.0
7916;1100.0
7917;1099.0
7918;1100.0
7919;1124.0
7920;1103.0
7921;1093.0
7922;1107.0
7923;1156.0
7924;1077.0
7925;1108.0
7926;1226.0
7927;1099.0
7928;1098.0
7929;1081.0
7930;1114.0
7931;1119.0
7932;1113.0
7933;1102.0
7934;1101.0
7935;1121.0
7936;1096.0
7937;1109.0
7938;1095.0
7939;1130.0
7940;1090.0
7941;1098.0
7942;1103.0
7943;1100.0
7944;1110.0
7945;1097.0
7946;1096.0
7947;1100.0
7948;1110.0
7949;1109.0
7950;1144.0
7951;1128.0
7952;1095.0
7953;1103.0
7954;1101.0
7955;1104.0
7956;1100.0
7957;1102.0
7958;1102.0
7959;1113.0
7960;1092.0
7961;1085.0
7962;1105.0
7963;1099.0
7964;1152.0
7965;1105.0
7966;1123.0
7967;1134.0
7968;1116.0
7969;1105.0
7970;1136.0
7971;1109.0
7972;1128.0
7973;1114.0
7974;1098.0
7975;1098.0
7976;1274.0
7977;1096.0
7978;1118.0
7979;1111.0
7980;1122.0
7981;1113.0
7982;1108.0
7983;1127.0
7984;1096.0
7985;1106.0
7986;1091.0
7987;1117.0
7988;1090.0
7989;1102.0
7990;1116.0
7991;1116.0
7992;1099.0
7993;1150.0
7994;1125.0
7995;1147.0
7996;1121.0
7997;1042.0
7998;1155.0
7999;1119.0
8000;1120.0
8001;1104.0
8002;1113.0
8003;1115.0
8004;1131.0
8005;1101.0
8006;1127.0
8007;1121.0
8008;1137.0
8009;1134.0
8010;1117.0
8011;1123.0
8012;1115.0
8013;1130.0
8014;1127.0
8015;1322.0
8016;1153.0
8017;1132.0
8018;1118.0
8019;1138.0
8020;1113.0
8021;1115.0
8022;1118.0
8023;1121.0
8024;844.0
8025;1113.0
8026;1145.0
8027;1284.0
8028;1129.0
8029;1313.0
8030;1116.0
8031;1111.0
8032;1151.0
8033;1115.0
8034;1112.0
8035;1141.0
8036;1130.0
8037;1126.0
8038;1123.0
8039;1167.0
8040;1118.0
8041;1133.0
8042;1124.0
8043;1130.0
8044;1114.0
8045;1153.0
8046;1119.0
8047;1154.0
8048;1128.0
8049;1131.0
8050;1145.0
8051;1123.0
8052;1144.0
8053;1199.0
8054;1115.0
8055;1132.0
8056;1201.0
8057;1135.0
8058;1212.0
8059;1166.0
8060;1138.0
8061;1100.0
8062;1169.0
8063;1128.0
8064;1155.0
8065;1117.0
8066;1134.0
8067;1125.0
8068;1115.0
8069;1186.0
8070;1123.0
8071;1143.0
8072;1131.0
8073;1149.0
8074;1144.0
8075;1142.0
8076;1144.0
8077;1138.0
8078;1149.0
8079;1158.0
8080;1130.0
8081;1169.0
8082;1141.0
8083;1285.0
8084;1136.0
8085;1183.0
8086;1171.0
8087;1142.0
8088;1139.0
8089;1124.0
8090;1120.0
8091;1143.0
8092;1284.0
8093;1165.0
8094;1140.0
8095;1136.0
8096;1141.0
8097;1134.0
8098;1136.0
8099;1180.0
8100;1127.0
8101;1149.0
8102;1139.0
8103;1132.0
8104;1292.0
8105;1277.0
8106;1175.0
8107;1181.0
8108;1152.0
8109;1148.0
8110;1146.0
8111;1152.0
8112;1275.0
8113;1153.0
8114;1160.0
8115;1148.0
8116;1153.0
8117;1171.0
8118;1165.0
8119;1151.0
8120;1151.0
8121;1167.0
8122;1138.0
8123;1163.0
8124;1128.0
8125;1203.0
8126;1143.0
8127;1167.0
8128;1138.0
8129;1195.0
8130;1149.0
8131;1149.0
8132;1146.0
8133;1164.0
8134;1157.0
8135;1156.0
8136;1173.0
8137;1204.0
8138;1157.0
8139;1284.0
8140;1136.0
8141;1157.0
8142;1138.0
8143;1149.0
8144;1184.0
8145;1152.0
8146;1171.0
8147;1151.0
8148;1146.0
8149;1183.0
8150;1142.0
8151;1174.0
8152;1180.0
8153;1216.0
8154;1161.0
8155;1137.0
8156;1160.0
8157;1157.0
8158;1165.0
8159;1158.0
8160;1159.0
8161;1171.0
8162;1393.0
8163;1147.0
8164;1155.0
8165;1193.0
8166;1169.0
8167;1016.0
8168;1174.0
8169;1148.0
8170;1154.0
8171;1220.0
8172;1172.0
8173;1158.0
8174;1170.0
8175;1167.0
8176;1172.0
8177;1166.0
8178;1171.0
8179;1200.0
8180;1201.0
8181;1161.0
8182;1165.0
8183;1172.0
8184;1168.0
8185;1174.0
8186;1141.0
8187;1167.0
8188;1151.0
8189;1171.0
8190;1171.0
8191;1438.0
8192;1337.0
8193;1170.0
8194;1163.0
8195;1178.0
8196;1184.0
8197;1245.0
8198;1181.0
8199;1166.0
8200;1183.0
8201;1201.0
8202;1174.0
8203;1223.0
8204;1183.0
8205;1189.0
8206;1209.0
8207;1166.0
8208;1194.0
8209;1163.0
8210;1225.0
8211;1162.0
8212;1185.0
8213;1174.0
8214;1173.0
8215;1224.0
8216;1211.0
8217;1184.0
8218;1179.0
8219;1165.0
8220;1181.0
8221;1184.0
8222;1185.0
8223;1201.0
8224;1193.0
8225;1227.0
8226;1188.0
8227;1370.0
8228;1172.0
8229;1197.0
8230;1287.0
8231;1074.0
8232;1182.0
8233;1183.0
8234;1177.0
8235;1183.0
8236;1056.0
8237;1181.0
8238;1212.0
8239;1188.0
8240;1171.0
8241;1222.0
8242;1184.0
8243;1217.0
8244;1176.0
8245;1198.0
8246;1182.0
8247;1167.0
8248;1189.0
8249;1193.0
8250;1197.0
8251;1165.0
8252;1200.0
8253;1212.0
8254;1193.0
8255;1210.0
8256;1192.0
8257;1197.0
8258;1286.0
8259;1199.0
8260;1235.0
8261;1177.0
8262;1204.0
8263;1241.0
8264;1184.0
8265;1186.0
8266;1213.0
8267;1157.0
8268;1211.0
8269;1183.0
8270;1191.0
8271;1190.0
8272;1194.0
8273;1194.0
8274;1193.0
8275;1360.0
8276;1201.0
8277;1209.0
8278;1201.0
8279;1189.0
8280;1181.0
8281;1183.0
8282;1231.0
8283;1342.0
8284;1230.0
8285;1244.0
8286;1234.0
8287;1199.0
8288;1211.0
8289;1202.0
8290;1201.0
8291;1202.0
8292;1193.0
8293;1199.0
8294;1198.0
8295;1221.0
8296;1206.0
8297;1235.0
8298;1212.0
8299;1203.0
8300;1205.0
8301;1219.0
8302;1192.0
8303;1351.0
8304;1204.0
8305;1212.0
8306;1204.0
8307;1335.0
8308;1229.0
8309;1219.0
8310;1194.0
8311;1210.0
8312;1181.0
8313;1219.0
8314;1198.0
8315;1215.0
8316;1225.0
8317;1237.0
8318;1211.0
8319;1193.0
8320;1214.0
8321;1226.0
8322;1203.0
8323;1183.0
8324;1214.0
8325;1075.0
8326;1209.0
8327;1202.0
8328;1268.0
8329;1222.0
8330;1248.0
8331;1201.0
8332;1204.0
8333;1195.0
8334;1204.0
8335;1220.0
8336;1207.0
8337;1214.0
8338;1202.0
8339;1205.0
8340;1393.0
8341;1215.0
8342;1225.0
8343;1373.0
8344;1226.0
8345;1202.0
8346;1196.0
8347;1231.0
8348;1215.0
8349;1215.0
8350;1206.0
8351;1222.0
8352;1221.0
8353;1211.0
8354;1240.0
8355;1244.0
8356;1226.0
8357;1199.0
8358;1303.0
8359;1223.0
8360;1255.0
8361;1349.0
8362;1211.0
8363;1214.0
8364;1216.0
8365;1316.0
8366;1198.0
8367;1300.0
8368;1247.0
8369;1228.0
8370;1211.0
8371;1256.0
8372;1274.0
8373;1210.0
8374;1367.0
8375;1237.0
8376;1217.0
8377;961.0
8378;1257.0
8379;1196.0
8380;1267.0
8381;1226.0
8382;1225.0
8383;1214.0
8384;1210.0
8385;1220.0
8386;1214.0
8387;1401.0
8388;1245.0
8389;1290.0
8390;1232.0
8391;1235.0
8392;1228.0
8393;1256.0
8394;1251.0
8395;1221.0
8396;1231.0
8397;1388.0
8398;1280.0
8399;1254.0
8400;1262.0
8401;1042.0
8402;978.0
8403;1129.0
8404;1221.0
8405;1226.0
8406;1218.0
8407;1252.0
8408;1234.0
8409;1236.0
8410;1229.0
8411;1234.0
8412;1216.0
8413;1280.0
8414;1300.0
8415;1232.0
8416;1248.0
8417;1225.0
8418;1261.0
8419;1234.0
8420;1225.0
8421;1241.0
8422;1241.0
8423;1407.0
8424;1218.0
8425;1255.0
8426;1275.0
8427;1230.0
8428;1250.0
8429;1232.0
8430;1247.0
8431;1467.0
8432;1247.0
8433;1228.0
8434;1233.0
8435;1246.0
8436;1241.0
8437;1410.0
8438;1252.0
8439;1222.0
8440;1243.0
8441;1234.0
8442;1236.0
8443;1315.0
8444;1232.0
8445;1253.0
8446;1254.0
8447;1247.0
8448;1245.0
8449;1233.0
8450;1231.0
8451;1235.0
8452;1230.0
8453;1275.0
8454;1244.0
8455;1274.0
8456;1310.0
8457;1283.0
8458;1242.0
8459;1248.0
8460;1282.0
8461;1233.0
8462;1256.0
8463;1275.0
8464;1452.0
8465;1247.0
8466;1282.0
8467;1273.0
8468;1253.0
8469;1225.0
8470;1267.0
8471;1274.0
8472;1262.0
8473;1292.0
8474;1394.0
8475;1260.0
8476;1238.0
8477;1231.0
8478;1252.0
8479;1252.0
8480;1266.0
8481;1276.0
8482;1279.0
8483;1260.0
8484;1254.0
8485;1140.0
8486;1333.0
8487;1258.0
8488;1245.0
8489;1318.0
8490;1258.0
8491;1272.0
8492;1255.0
8493;1319.0
8494;1257.0
8495;1246.0
8496;1256.0
8497;1300.0
8498;1279.0
8499;1264.0
8500;1285.0
8501;1273.0
8502;1248.0
8503;1298.0
8504;1304.0
8505;1401.0
8506;1317.0
8507;1275.0
8508;1295.0
8509;1290.0
8510;1278.0
8511;1275.0
8512;1289.0
8513;1274.0
8514;1266.0
8515;1326.0
8516;1304.0
8517;1326.0
8518;1296.0
8519;1243.0
8520;1252.0
8521;1299.0
8522;1313.0
8523;1276.0
8524;1279.0
8525;1267.0
8526;1285.0
8527;1268.0
8528;1284.0
8529;1265.0
8530;1165.0
8531;1327.0
8532;1258.0
8533;1291.0
8534;1298.0
8535;1270.0
8536;1254.0
8537;1249.0
8538;1273.0
8539;1344.0
8540;1264.0
8541;1270.0
8542;1261.0
8543;1260.0
8544;1279.0
8545;1296.0
8546;1317.0
8547;1262.0
8548;1316.0
8549;1263.0
8550;1278.0
8551;1262.0
8552;1351.0
8553;1301.0
8554;1322.0
8555;1306.0
8556;1299.0
8557;1308.0
8558;1281.0
8559;1294.0
8560;1284.0
8561;1316.0
8562;1325.0
8563;1317.0
8564;1324.0
8565;1257.0
8566;1280.0
8567;1268.0
8568;1324.0
8569;1089.0
8570;1296.0
8571;1317.0
8572;1289.0
8573;1298.0
8574;1311.0
8575;1308.0
8576;1320.0
8577;1283.0
8578;1254.0
8579;1290.0
8580;1334.0
8581;1314.0
8582;1272.0
8583;1290.0
8584;1131.0
8585;1318.0
8586;1326.0
8587;1319.0
8588;1306.0
8589;1284.0
8590;1279.0
8591;1313.0
8592;1293.0
8593;1283.0
8594;1320.0
8595;1329.0
8596;1280.0
8597;1315.0
8598;1321.0
8599;1325.0
8600;1320.0
8601;1295.0
8602;1320.0
8603;1302.0
8604;1298.0
8605;1295.0
8606;1296.0
8607;1299.0
8608;1127.0
8609;1302.0
8610;1318.0
8611;1167.0
8612;1355.0
8613;1291.0
8614;1318.0
8615;1283.0
8616;1305.0
8617;1302.0
8618;1294.0
8619;1309.0
8620;1311.0
8621;1354.0
8622;1290.0
8623;1352.0
8624;1317.0
8625;1311.0
8626;1312.0
8627;1301.0
8628;1347.0
8629;1323.0
8630;1311.0
8631;1307.0
8632;1298.0
8633;1309.0
8634;1308.0
8635;1357.0
8636;1345.0
8637;1316.0
8638;1307.0
8639;1345.0
8640;1268.0
8641;1377.0
8642;1190.0
8643;1491.0
8644;1311.0
8645;1330.0
8646;1332.0
8647;1332.0
8648;1318.0
8649;1308.0
8650;1330.0
8651;1397.0
8652;1301.0
8653;1304.0
8654;1289.0
8655;1314.0
8656;1371.0
8657;1328.0
8658;1325.0
8659;1325.0
8660;1344.0
8661;1328.0
8662;1293.0
8663;1338.0
8664;1310.0
8665;1318.0
8666;1337.0
8667;1301.0
8668;1298.0
8669;1339.0
8670;1334.0
8671;1316.0
8672;1348.0
8673;1334.0
8674;1319.0
8675;1308.0
8676;1303.0
8677;1399.0
8678;1363.0
8679;1353.0
8680;1324.0
8681;1330.0
8682;1291.0
8683;1341.0
8684;1402.0
8685;1318.0
8686;1346.0
8687;1334.0
8688;1320.0
8689;1301.0
8690;1321.0
8691;1320.0
8692;1339.0
8693;1384.0
8694;1345.0
8695;1329.0
8696;1330.0
8697;1354.0
8698;1345.0
8699;1347.0
8700;1301.0
8701;1353.0
8702;1339.0
8703;1153.0
8704;1241.0
8705;1355.0
8706;1358.0
8707;1366.0
8708;1334.0
8709;1351.0
8710;1329.0
8711;1344.0
8712;1381.0
8713;1328.0
8714;1296.0
8715;1328.0
8716;1347.0
8717;1336.0
8718;1341.0
8719;1316.0
8720;1342.0
8721;1334.0
8722;1365.0
8723;1201.0
8724;1335.0
8725;1332.0
8726;1339.0
8727;1358.0
8728;1372.0
8729;1354.0
8730;1377.0
8731;1334.0
8732;1354.0
8733;1344.0
8734;1352.0
8735;1345.0
8736;1348.0
8737;1321.0
8738;1331.0
8739;1353.0
8740;1333.0
8741;1411.0
8742;1362.0
8743;1549.0
8744;1403.0
8745;1396.0
8746;1395.0
8747;1373.0
8748;1382.0
8749;1342.0
8750;1357.0
8751;1368.0
8752;1339.0
8753;1348.0
8754;1447.0
8755;1352.0
8756;1360.0
8757;1391.0
8758;1336.0
8759;1353.0
8760;1408.0
8761;1333.0
8762;1376.0
8763;1384.0
8764;1384.0
8765;1328.0
8766;1386.0
8767;1321.0
8768;1342.0
8769;1355.0
8770;1377.0
8771;1381.0
8772;1402.0
8773;1354.0
8774;1384.0
8775;1355.0
8776;1333.0
8777;1340.0
8778;1380.0
8779;1365.0
8780;1392.0
8781;1357.0
8782;1348.0
8783;1455.0
8784;1377.0
8785;1377.0
8786;1389.0
8787;1393.0
8788;1371.0
8789;1360.0
8790;1418.0
8791;1347.0
8792;1419.0
8793;1357.0
8794;1391.0
8795;1371.0
8796;1369.0
8797;1345.0
8798;1376.0
8799;1332.0
8800;1364.0
8801;1375.0
8802;1354.0
8803;1379.0
8804;1417.0
8805;1423.0
8806;1368.0
8807;1375.0
8808;1360.0
8809;1429.0
8810;1372.0
8811;1380.0
8812;1436.0
8813;1385.0
8814;1084.0
8815;1364.0
8816;1362.0
8817;1433.0
8818;1364.0
8819;1481.0
8820;1377.0
8821;1343.0
8822;1379.0
8823;1385.0
8824;1382.0
8825;1376.0
8826;1354.0
8827;1414.0
8828;1344.0
8829;1352.0
8830;1360.0
8831;1345.0
8832;1370.0
8833;1367.0
8834;1389.0
8835;1359.0
8836;1355.0
8837;1420.0
8838;1392.0
8839;1382.0
8840;1384.0
8841;1379.0
8842;1380.0
8843;1150.0
8844;1399.0
8845;1365.0
8846;1437.0
8847;1370.0
8848;1385.0
8849;1378.0
8850;1422.0
8851;1382.0
8852;1415.0
8853;1367.0
8854;1376.0
8855;1367.0
8856;1380.0
8857;1433.0
8858;1368.0
8859;1381.0
8860;1395.0
8861;1389.0
8862;1383.0
8863;1395.0
8864;1366.0
8865;1395.0
8866;1376.0
8867;1383.0
8868;1221.0
8869;1584.0
8870;1389.0
8871;1424.0
8872;1379.0
8873;1362.0
8874;1420.0
8875;1391.0
8876;1394.0
8877;1437.0
8878;1361.0
8879;1441.0
8880;1409.0
8881;1407.0
8882;1425.0
8883;1436.0
8884;1391.0
8885;1366.0
8886;1391.0
8887;1417.0
8888;1434.0
8889;1379.0
8890;1380.0
8891;1405.0
8892;1406.0
8893;1460.0
8894;1401.0
8895;1411.0
8896;1451.0
8897;1364.0
8898;1413.0
8899;1402.0
8900;1429.0
8901;1406.0
8902;1413.0
8903;1390.0
8904;1389.0
8905;1463.0
8906;1387.0
8907;1456.0
8908;1426.0
8909;1424.0
8910;1405.0
8911;1395.0
8912;1374.0
8913;1526.0
8914;1413.0
8915;1424.0
8916;1452.0
8917;1442.0
8918;1403.0
8919;1485.0
8920;1484.0
8921;1405.0
8922;1397.0
8923;1398.0
8924;1428.0
8925;1392.0
8926;1410.0
8927;1425.0
8928;1391.0
8929;1423.0
8930;1463.0
8931;1493.0
8932;1422.0
8933;1463.0
8934;1417.0
8935;1430.0
8936;1411.0
8937;1431.0
8938;1416.0
8939;1482.0
8940;1394.0
8941;1396.0
8942;1382.0
8943;1388.0
8944;1429.0
8945;1446.0
8946;1426.0
8947;1439.0
8948;1415.0
8949;1418.0
8950;1401.0
8951;1461.0
8952;1442.0
8953;1421.0
8954;1437.0
8955;1469.0
8956;1414.0
8957;1471.0
8958;1404.0
8959;1496.0
8960;1436.0
8961;1400.0
8962;1407.0
8963;1411.0
8964;1411.0
8965;1416.0
8966;1393.0
8967;1425.0
8968;1419.0
8969;1412.0
8970;1421.0
8971;1450.0
8972;1421.0
8973;1399.0
8974;1456.0
8975;1450.0
8976;1428.0
8977;1421.0
8978;1404.0
8979;1409.0
8980;1421.0
8981;1430.0
8982;1421.0
8983;1418.0
8984;1442.0
8985;1465.0
8986;1466.0
8987;1432.0
8988;1410.0
8989;1418.0
8990;1467.0
8991;1415.0
8992;1458.0
8993;1438.0
8994;1446.0
8995;1419.0
8996;1425.0
8997;1433.0
8998;1453.0
8999;1431.0
9000;1431.0
9001;1325.0
9002;1421.0
9003;1449.0
9004;1523.0
9005;1424.0
9006;1410.0
9007;1458.0
9008;1499.0
9009;1455.0
9010;1470.0
9011;1467.0
9012;1431.0
9013;1429.0
9014;1435.0
9015;1644.0
9016;1523.0
9017;1433.0
9018;1445.0
9019;1440.0
9020;1460.0
9021;1368.0
9022;1446.0
9023;1493.0
9024;1454.0
9025;1452.0
9026;1444.0
9027;1655.0
9028;1425.0
9029;1431.0
9030;1451.0
9031;1436.0
9032;1503.0
9033;1431.0
9034;1455.0
9035;1455.0
9036;1471.0
9037;1492.0
9038;1458.0
9039;1442.0
9040;1411.0
9041;1482.0
9042;1513.0
9043;1437.0
9044;1477.0
9045;1466.0
9046;1433.0
9047;1439.0
9048;1495.0
9049;1468.0
9050;1442.0
9051;1460.0
9052;1469.0
9053;1446.0
9054;1446.0
9055;1247.0
9056;1481.0
9057;1456.0
9058;1475.0
9059;1492.0
9060;1444.0
9061;1465.0
9062;1444.0
9063;1500.0
9064;1463.0
9065;1356.0
9066;1463.0
9067;1446.0
9068;1520.0
9069;1494.0
9070;1602.0
9071;1444.0
9072;1453.0
9073;1445.0
9074;1471.0
9075;1469.0
9076;1454.0
9077;1443.0
9078;1454.0
9079;1450.0
9080;1439.0
9081;1463.0
9082;1538.0
9083;1463.0
9084;1468.0
9085;1454.0
9086;1450.0
9087;1483.0
9088;1472.0
9089;1279.0
9090;1486.0
9091;1474.0
9092;1512.0
9093;1494.0
9094;1422.0
9095;1453.0
9096;1445.0
9097;1458.0
9098;1467.0
9099;1466.0
9100;1505.0
9101;1452.0
9102;1499.0
9103;1513.0
9104;1507.0
9105;1484.0
9106;1467.0
9107;1491.0
9108;1452.0
9109;1477.0
9110;1512.0
9111;1509.0
9112;1471.0
9113;1451.0
9114;1345.0
9115;1458.0
9116;1518.0
9117;1477.0
9118;1450.0
9119;1632.0
9120;1460.0
9121;1485.0
9122;1484.0
9123;1461.0
9124;1528.0
9125;1495.0
9126;1467.0
9127;1480.0
9128;1481.0
9129;1516.0
9130;1473.0
9131;1456.0
9132;1493.0
9133;1520.0
9134;1490.0
9135;1307.0
9136;1445.0
9137;1519.0
9138;1485.0
9139;1486.0
9140;1531.0
9141;1486.0
9142;1481.0
9143;1512.0
9144;1466.0
9145;1430.0
9146;1458.0
9147;1498.0
9148;1462.0
9149;1458.0
9150;1503.0
9151;1470.0
9152;1487.0
9153;1496.0
9154;1491.0
9155;1563.0
9156;1531.0
9157;1487.0
9158;1485.0
9159;1494.0
9160;1495.0
9161;1533.0
9162;1504.0
9163;1530.0
9164;1538.0
9165;1496.0
9166;1485.0
9167;1456.0
9168;1485.0
9169;1492.0
9170;1559.0
9171;1458.0
9172;1532.0
9173;1466.0
9174;1467.0
9175;1468.0
9176;1480.0
9177;1497.0
9178;1508.0
9179;1475.0
9180;1502.0
9181;1443.0
9182;1499.0
9183;1538.0
9184;1542.0
9185;1496.0
9186;1499.0
9187;1489.0
9188;1477.0
9189;1466.0
9190;1496.0
9191;1520.0
9192;1468.0
9193;1517.0
9194;1466.0
9195;1558.0
9196;1496.0
9197;1501.0
9198;1509.0
9199;1708.0
9200;1490.0
9201;1540.0
9202;1507.0
9203;1480.0
9204;1484.0
9205;1505.0
9206;1531.0
9207;1512.0
9208;1542.0
9209;1499.0
9210;1502.0
9211;1502.0
9212;1618.0
9213;1478.0
9214;1499.0
9215;1545.0
9216;1528.0
9217;1542.0
9218;1509.0
9219;1541.0
9220;1516.0
9221;1536.0
9222;1545.0
9223;1481.0
9224;1548.0
9225;1531.0
9226;1577.0
9227;1493.0
9228;1517.0
9229;1553.0
9230;1518.0
9231;1517.0
9232;1478.0
9233;1471.0
9234;1534.0
9235;1507.0
9236;1494.0
9237;1493.0
9238;1480.0
9239;1502.0
9240;1495.0
9241;1494.0
9242;1546.0
9243;1495.0
9244;1490.0
9245;1500.0
9246;1517.0
9247;1563.0
9248;1531.0
9249;1557.0
9250;1537.0
9251;1314.0
9252;1506.0
9253;1717.0
9254;1502.0
9255;1513.0
9256;1492.0
9257;1562.0
9258;1524.0
9259;1587.0
9260;1496.0
9261;1504.0
9262;1579.0
9263;1518.0
9264;1470.0
9265;1499.0
9266;1540.0
9267;1548.0
9268;1531.0
9269;1518.0
9270;1554.0
9271;1506.0
9272;1547.0
9273;1543.0
9274;1516.0
9275;1511.0
9276;1837.0
9277;1546.0
9278;1519.0
9279;1550.0
9280;1540.0
9281;1550.0
9282;1524.0
9283;1518.0
9284;1505.0
9285;1519.0
9286;1512.0
9287;1514.0
9288;1597.0
9289;1545.0
9290;1493.0
9291;1516.0
9292;1501.0
9293;1595.0
9294;1505.0
9295;1579.0
9296;1542.0
9297;1586.0
9298;1210.0
9299;1493.0
9300;1545.0
9301;1526.0
9302;1478.0
9303;1325.0
9304;1579.0
9305;1508.0
9306;1538.0
9307;1537.0
9308;1533.0
9309;1555.0
9310;1508.0
9311;1537.0
9312;1505.0
9313;1529.0
9314;1514.0
9315;1528.0
9316;1508.0
9317;1523.0
9318;1538.0
9319;1635.0
9320;1504.0
9321;1521.0
9322;1532.0
9323;1535.0
9324;1583.0
9325;1541.0
9326;1552.0
9327;1523.0
9328;1538.0
9329;1253.0
9330;1543.0
9331;1383.0
9332;1540.0
9333;1571.0
9334;1463.0
9335;1586.0
9336;1548.0
9337;1667.0
9338;1554.0
9339;1568.0
9340;1524.0
9341;1527.0
9342;1551.0
9343;1555.0
9344;1497.0
9345;1517.0
9346;1548.0
9347;1526.0
9348;1542.0
9349;1538.0
9350;1554.0
9351;1557.0
9352;1569.0
9353;1554.0
9354;1545.0
9355;1551.0
9356;1579.0
9357;1566.0
9358;1548.0
9359;1509.0
9360;1583.0
9361;1561.0
9362;1592.0
9363;1536.0
9364;1558.0
9365;1572.0
9366;1538.0
9367;1495.0
9368;1597.0
9369;1582.0
9370;1543.0
9371;1572.0
9372;1523.0
9373;1518.0
9374;1543.0
9375;1564.0
9376;1599.0
9377;1568.0
9378;1537.0
9379;1548.0
9380;1544.0
9381;1787.0
9382;1594.0
9383;1546.0
9384;1544.0
9385;1536.0
9386;1528.0
9387;1566.0
9388;1524.0
9389;1580.0
9390;1547.0
9391;1607.0
9392;1538.0
9393;1561.0
9394;1538.0
9395;1561.0
9396;1548.0
9397;1579.0
9398;1582.0
9399;1824.0
9400;1555.0
9401;1552.0
9402;1562.0
9403;1565.0
9404;1576.0
9405;1556.0
9406;1575.0
9407;1571.0
9408;1514.0
9409;1590.0
9410;1583.0
9411;1564.0
9412;1563.0
9413;1558.0
9414;1543.0
9415;1533.0
9416;1532.0
9417;1541.0
9418;1509.0
9419;1596.0
9420;1554.0
9421;1582.0
9422;1549.0
9423;1553.0
9424;1283.0
9425;1612.0
9426;1566.0
9427;1611.0
9428;1598.0
9429;1552.0
9430;1572.0
9431;1559.0
9432;1523.0
9433;1569.0
9434;1570.0
9435;1579.0
9436;1581.0
9437;1614.0
9438;1617.0
9439;1636.0
9440;1588.0
9441;1579.0
9442;1575.0
9443;1594.0
9444;1683.0
9445;1586.0
9446;1626.0
9447;1524.0
9448;1608.0
9449;1552.0
9450;1557.0
9451;1563.0
9452;1577.0
9453;1576.0
9454;1537.0
9455;1581.0
9456;1570.0
9457;1569.0
9458;1557.0
9459;1653.0
9460;1613.0
9461;1597.0
9462;1565.0
9463;1573.0
9464;1427.0
9465;1563.0
9466;1558.0
9467;1571.0
9468;1611.0
9469;1527.0
9470;1477.0
9471;1630.0
9472;1592.0
9473;1571.0
9474;1585.0
9475;1541.0
9476;1580.0
9477;1580.0
9478;1611.0
9479;1580.0
9480;1559.0
9481;1573.0
9482;1621.0
9483;1285.0
9484;1568.0
9485;1649.0
9486;1597.0
9487;1577.0
9488;1619.0
9489;1580.0
9490;1564.0
9491;1592.0
9492;1580.0
9493;1660.0
9494;1608.0
9495;1575.0
9496;1571.0
9497;1584.0
9498;1622.0
9499;1919.0
9500;1658.0
9501;1815.0
9502;1602.0
9503;1399.0
9504;1629.0
9505;1685.0
9506;1660.0
9507;1605.0
9508;1712.0
9509;1585.0
9510;1676.0
9511;1633.0
9512;1566.0
9513;1573.0
9514;1487.0
9515;1591.0
9516;1608.0
9517;1632.0
9518;1690.0
9519;1620.0
9520;1603.0
9521;1607.0
9522;1629.0
9523;1689.0
9524;1579.0
9525;1586.0
9526;1620.0
9527;1636.0
9528;1605.0
9529;1582.0
9530;1653.0
9531;1595.0
9532;1606.0
9533;1617.0
9534;1609.0
9535;1617.0
9536;1573.0
9537;1583.0
9538;1703.0
9539;1655.0
9540;1615.0
9541;1622.0
9542;1673.0
9543;1602.0
9544;1614.0
9545;1413.0
9546;1612.0
9547;1641.0
9548;1604.0
9549;1612.0
9550;1597.0
9551;1644.0
9552;1589.0
9553;1415.0
9554;1732.0
9555;1609.0
9556;1593.0
9557;1596.0
9558;1609.0
9559;1578.0
9560;1551.0
9561;1601.0
9562;1604.0
9563;1634.0
9564;1617.0
9565;1588.0
9566;1678.0
9567;1579.0
9568;1596.0
9569;1583.0
9570;1584.0
9571;1594.0
9572;1591.0
9573;1659.0
9574;1653.0
9575;1598.0
9576;1588.0
9577;1599.0
9578;1646.0
9579;1595.0
9580;1492.0
9581;1603.0
9582;1585.0
9583;1595.0
9584;1581.0
9585;1615.0
9586;1592.0
9587;1608.0
9588;1619.0
9589;1624.0
9590;1624.0
9591;1660.0
9592;1604.0
9593;1652.0
9594;1598.0
9595;1655.0
9596;1687.0
9597;1603.0
9598;1605.0
9599;1732.0
9600;1613.0
9601;1604.0
9602;1694.0
9603;1621.0
9604;1608.0
9605;1619.0
9606;1678.0
9607;1640.0
9608;1631.0
9609;1690.0
9610;1600.0
9611;1620.0
9612;1656.0
9613;1658.0
9614;1597.0
9615;1616.0
9616;1586.0
9617;1641.0
9618;1640.0
9619;1607.0
9620;1630.0
9621;1609.0
9622;1619.0
9623;1637.0
9624;1282.0
9625;1758.0
9626;1672.0
9627;1590.0
9628;1683.0
9629;1619.0
9630;1611.0
9631;1638.0
9632;1614.0
9633;1661.0
9634;1634.0
9635;1681.0
9636;1675.0
9637;1613.0
9638;1689.0
9639;1628.0
9640;1655.0
9641;1620.0
9642;1643.0
9643;1774.0
9644;1603.0
9645;1618.0
9646;1646.0
9647;1730.0
9648;1677.0
9649;1625.0
9650;1658.0
9651;1593.0
9652;1656.0
9653;1681.0
9654;1670.0
9655;1714.0
9656;1590.0
9657;1620.0
9658;1627.0
9659;1643.0
9660;1683.0
9661;1616.0
9662;1668.0
9663;1724.0
9664;1636.0
9665;1641.0
9666;1633.0
9667;1832.0
9668;1634.0
9669;1748.0
9670;1647.0
9671;1647.0
9672;1550.0
9673;1846.0
9674;1531.0
9675;1632.0
9676;1666.0
9677;1647.0
9678;1641.0
9679;1634.0
9680;1592.0
9681;1657.0
9682;1738.0
9683;1626.0
9684;1716.0
9685;1624.0
9686;1673.0
9687;1712.0
9688;1659.0
9689;1656.0
9690;1697.0
9691;1649.0
9692;1656.0
9693;1687.0
9694;1674.0
9695;1646.0
9696;1621.0
9697;1662.0
9698;1660.0
9699;1656.0
9700;1669.0
9701;1680.0
9702;1626.0
9703;1619.0
9704;1643.0
9705;1771.0
9706;1663.0
9707;1684.0
9708;1679.0
9709;1676.0
9710;1740.0
9711;1569.0
9712;1655.0
9713;1651.0
9714;1641.0
9715;1612.0
9716;1642.0
9717;1669.0
9718;1697.0
9719;1634.0
9720;1630.0
9721;1650.0
9722;1636.0
9723;1647.0
9724;1659.0
9725;1666.0
9726;1692.0
9727;1671.0
9728;1644.0
9729;1725.0
9730;1694.0
9731;1644.0
9732;1862.0
9733;1680.0
9734;1672.0
9735;1693.0
9736;1937.0
9737;1680.0
9738;1698.0
9739;1708.0
9740;1656.0
9741;1671.0
9742;1680.0
9743;1659.0
9744;1692.0
9745;1734.0
9746;1671.0
9747;1672.0
9748;1687.0
9749;1684.0
9750;1682.0
9751;1644.0
9752;1652.0
9753;1770.0
9754;1716.0
9755;1677.0
9756;1661.0
9757;1570.0
9758;1711.0
9759;1776.0
9760;1477.0
9761;1676.0
9762;1636.0
9763;1656.0
9764;1729.0
9765;1699.0
9766;1689.0
9767;1645.0
9768;1695.0
9769;1702.0
9770;1714.0
9771;1672.0
9772;1668.0
9773;1683.0
9774;1673.0
9775;1693.0
9776;1675.0
9777;1787.0
9778;1678.0
9779;1705.0
9780;1675.0
9781;1679.0
9782;1702.0
9783;1709.0
9784;1673.0
9785;1695.0
9786;1683.0
9787;1675.0
9788;1686.0
9789;1669.0
9790;1715.0
9791;1760.0
9792;1554.0
9793;1672.0
9794;1696.0
9795;1692.0
9796;1685.0
9797;1647.0
9798;1704.0
9799;1683.0
9800;1716.0
9801;1696.0
9802;1760.0
9803;1692.0
9804;1698.0
9805;1687.0
9806;1703.0
9807;1720.0
9808;1700.0
9809;1764.0
9810;1573.0
9811;1736.0
9812;1707.0
9813;1795.0
9814;1700.0
9815;1711.0
9816;1670.0
9817;1708.0
9818;1695.0
9819;1724.0
9820;1706.0
9821;1759.0
9822;1700.0
9823;1745.0
9824;1700.0
9825;1716.0
9826;1658.0
9827;1814.0
9828;1697.0
9829;1723.0
9830;1722.0
9831;1725.0
9832;1698.0
9833;1679.0
9834;1737.0
9835;1725.0
9836;1612.0
9837;1737.0
9838;1711.0
9839;1864.0
9840;1878.0
9841;1866.0
9842;1955.0
9843;2027.0
9844;1884.0
9845;1759.0
9846;1707.0
9847;1447.0
9848;1629.0
9849;1673.0
9850;1698.0
9851;1690.0
9852;1738.0
9853;1728.0
9854;1852.0
